2026-05-30 19:47:21,035 - INFO - Starting in: {root_dir}
2026-05-30 19:48:28,186 - INFO - Starting in: {root_dir}
2026-05-30 19:48:43,244 - INFO - Starting in: {root_dir}
2026-05-30 19:49:50,789 - INFO - Starting in: {root_dir}
2026-05-30 19:55:56,355 - INFO - Starting in: {root_dir}
2026-05-30 19:59:15,833 - INFO - Starting in: {root_dir}
2026-05-30 20:03:07,420 - INFO - Starting in: {root_dir}
2026-05-30 20:03:07,453 - INFO - File moved: 'C:\Users\ALDO\Downloads\afro kokun.jpg' --> 'C:\Users\ALDO\Downloads\Imágenes\afro kokun.jpg'
2026-05-30 20:03:07,454 - INFO - File moved: 'C:\Users\ALDO\Downloads\balenaEtcher-2.1.6.Setup.exe' --> 'C:\Users\ALDO\Downloads\Ejecutables\balenaEtcher-2.1.6.Setup.exe'
2026-05-30 20:03:07,455 - INFO - File moved: 'C:\Users\ALDO\Downloads\Codex Installer.exe' --> 'C:\Users\ALDO\Downloads\Ejecutables\Codex Installer.exe'
2026-05-30 20:03:07,456 - INFO - File moved: 'C:\Users\ALDO\Downloads\desktop.ini' --> 'C:\Users\ALDO\Downloads\Otros\desktop.ini'
2026-05-30 20:03:07,457 - INFO - File moved: 'C:\Users\ALDO\Downloads\directx_9c_Jun2010_redist.exe' --> 'C:\Users\ALDO\Downloads\Ejecutables\directx_9c_Jun2010_redist.exe'
2026-05-30 20:03:07,457 - INFO - File moved: 'C:\Users\ALDO\Downloads\dotnet-sdk-8.0.421-win-x64(1).exe' --> 'C:\Users\ALDO\Downloads\Ejecutables\dotnet-sdk-8.0.421-win-x64(1).exe'
2026-05-30 20:03:07,458 - INFO - File moved: 'C:\Users\ALDO\Downloads\dotnet-sdk-8.0.421-win-x64.exe' --> 'C:\Users\ALDO\Downloads\Ejecutables\dotnet-sdk-8.0.421-win-x64.exe'
2026-05-30 20:03:07,458 - INFO - File moved: 'C:\Users\ALDO\Downloads\dotnet-sdk-8.azwGNryD.0.421-win-x64(1).exe.part' --> 'C:\Users\ALDO\Downloads\Otros\dotnet-sdk-8.azwGNryD.0.421-win-x64(1).exe.part'
2026-05-30 20:03:07,459 - INFO - File moved: 'C:\Users\ALDO\Downloads\dotnet-sdk-8.MyeKMFll.0.421-win-x64.exe.part' --> 'C:\Users\ALDO\Downloads\Otros\dotnet-sdk-8.MyeKMFll.0.421-win-x64.exe.part'
2026-05-30 20:03:07,460 - INFO - File moved: 'C:\Users\ALDO\Downloads\favicon.ico' --> 'C:\Users\ALDO\Downloads\Imágenes\favicon.ico'
2026-05-30 20:03:07,460 - INFO - File moved: 'C:\Users\ALDO\Downloads\Git-2.54.0-64-bit.exe' --> 'C:\Users\ALDO\Downloads\Ejecutables\Git-2.54.0-64-bit.exe'
2026-05-30 20:03:07,461 - INFO - File moved: 'C:\Users\ALDO\Downloads\github-recovery-codes.txt' --> 'C:\Users\ALDO\Downloads\Documentos\github-recovery-codes.txt'
2026-05-30 20:03:07,462 - INFO - File moved: 'C:\Users\ALDO\Downloads\idman642build64.exe' --> 'C:\Users\ALDO\Downloads\Ejecutables\idman642build64.exe'
2026-05-30 20:03:07,462 - INFO - File moved: 'C:\Users\ALDO\Downloads\Las formas transfiguradas de la Plusvalia.ppt' --> 'C:\Users\ALDO\Downloads\Documentos\Las formas transfiguradas de la Plusvalia.ppt'
2026-05-30 20:03:07,463 - INFO - File moved: 'C:\Users\ALDO\Downloads\Microsoft.lfnPwXcD.VisualStudio.Services(1).VSIXPackage.part' --> 'C:\Users\ALDO\Downloads\Otros\Microsoft.lfnPwXcD.VisualStudio.Services(1).VSIXPackage.part'
2026-05-30 20:03:07,464 - INFO - File moved: 'C:\Users\ALDO\Downloads\Microsoft.Services.Store.winmd' --> 'C:\Users\ALDO\Downloads\Otros\Microsoft.Services.Store.winmd'
2026-05-30 20:03:07,464 - INFO - File moved: 'C:\Users\ALDO\Downloads\Microsoft.VisualStudio.Services(1).VSIXPackage' --> 'C:\Users\ALDO\Downloads\Otros\Microsoft.VisualStudio.Services(1).VSIXPackage'
2026-05-30 20:03:07,465 - INFO - File moved: 'C:\Users\ALDO\Downloads\Microsoft.VisualStudio.Services.VSIXPackage' --> 'C:\Users\ALDO\Downloads\Otros\Microsoft.VisualStudio.Services.VSIXPackage'
2026-05-30 20:03:07,466 - INFO - File moved: 'C:\Users\ALDO\Downloads\PCSX2-v2.6.3-windows-x64-installer.exe' --> 'C:\Users\ALDO\Downloads\Ejecutables\PCSX2-v2.6.3-windows-x64-installer.exe'
2026-05-30 20:03:07,467 - INFO - File moved: 'C:\Users\ALDO\Downloads\PES 2017 Super PackV2 Addon (IncludeFix1).rar' --> 'C:\Users\ALDO\Downloads\Comprimidos\PES 2017 Super PackV2 Addon (IncludeFix1).rar'
2026-05-30 20:03:07,467 - INFO - File moved: 'C:\Users\ALDO\Downloads\ps2-bios-all-bios.zip' --> 'C:\Users\ALDO\Downloads\Comprimidos\ps2-bios-all-bios.zip'
2026-05-30 20:03:07,468 - INFO - File moved: 'C:\Users\ALDO\Downloads\Tema II. Conferencias.pdf' --> 'C:\Users\ALDO\Downloads\Documentos\Tema II. Conferencias.pdf'
2026-05-30 20:03:07,469 - INFO - File moved: 'C:\Users\ALDO\Downloads\Compressed\ARCHIVOS SIDER Y REVOLUTION PATCH.rar' --> 'C:\Users\ALDO\Downloads\Comprimidos\ARCHIVOS SIDER Y REVOLUTION PATCH.rar'
2026-05-30 20:03:07,470 - INFO - File moved: 'C:\Users\ALDO\Downloads\Compressed\autoexam-master.zip' --> 'C:\Users\ALDO\Downloads\Comprimidos\autoexam-master.zip'
2026-05-30 20:03:07,471 - INFO - File moved: 'C:\Users\ALDO\Downloads\Compressed\ESTADIO_BOCA_RIVER_2025_EXTERIORES.rar' --> 'C:\Users\ALDO\Downloads\Comprimidos\ESTADIO_BOCA_RIVER_2025_EXTERIORES.rar'
2026-05-30 20:03:07,471 - INFO - File moved: 'C:\Users\ALDO\Downloads\Compressed\GOAL_CELEBRATION.rar' --> 'C:\Users\ALDO\Downloads\Comprimidos\GOAL_CELEBRATION.rar'
2026-05-30 20:03:07,472 - INFO - File moved: 'C:\Users\ALDO\Downloads\Compressed\GOAL_CELEBRATION_2.rar' --> 'C:\Users\ALDO\Downloads\Comprimidos\GOAL_CELEBRATION_2.rar'
2026-05-30 20:03:07,473 - INFO - File moved: 'C:\Users\ALDO\Downloads\Compressed\gym-main.zip' --> 'C:\Users\ALDO\Downloads\Comprimidos\gym-main.zip'
2026-05-30 20:03:07,473 - INFO - File moved: 'C:\Users\ALDO\Downloads\Compressed\make callname pack.rar' --> 'C:\Users\ALDO\Downloads\Comprimidos\make callname pack.rar'
2026-05-30 20:03:07,476 - INFO - File moved: 'C:\Users\ALDO\Downloads\Compressed\Preds19-17_EnglishCallnames_V15.rar' --> 'C:\Users\ALDO\Downloads\Comprimidos\Preds19-17_EnglishCallnames_V15.rar'
2026-05-30 20:03:07,477 - INFO - File moved: 'C:\Users\ALDO\Downloads\Compressed\programming-main.zip' --> 'C:\Users\ALDO\Downloads\Comprimidos\programming-main.zip'
2026-05-30 20:03:07,478 - INFO - File moved: 'C:\Users\ALDO\Downloads\Compressed\Robert_Lewandowski.rar' --> 'C:\Users\ALDO\Downloads\Comprimidos\Robert_Lewandowski.rar'
2026-05-30 20:03:07,479 - INFO - File moved: 'C:\Users\ALDO\Downloads\Compressed\winlibs-x86_64-posix-seh-gcc-15.2.0-mingw-w64msvcrt-14.0.0-r7_2.zip' --> 'C:\Users\ALDO\Downloads\Comprimidos\winlibs-x86_64-posix-seh-gcc-15.2.0-mingw-w64msvcrt-14.0.0-r7_2.zip'
2026-05-30 20:03:07,480 - INFO - File moved: 'C:\Users\ALDO\Downloads\MEGA\103_49_pJIC.mp4' --> 'C:\Users\ALDO\Downloads\Vídeos\103_49_pJIC.mp4'
2026-05-30 20:03:07,481 - INFO - File moved: 'C:\Users\ALDO\Downloads\MEGA\PES 17 City Ground.rar' --> 'C:\Users\ALDO\Downloads\Comprimidos\PES 17 City Ground.rar'
2026-05-30 20:03:07,482 - INFO - File moved: 'C:\Users\ALDO\Downloads\MEGA\PES 2017 -InMortal- Stadium Super Pack V2.rar' --> 'C:\Users\ALDO\Downloads\Comprimidos\PES 2017 -InMortal- Stadium Super Pack V2.rar'
2026-05-30 20:03:07,483 - INFO - File moved: 'C:\Users\ALDO\Downloads\MEGA\PES 2017 Super PackV2 Fix1.rar' --> 'C:\Users\ALDO\Downloads\Comprimidos\PES 2017 Super PackV2 Fix1.rar'
2026-05-30 20:03:07,483 - INFO - File moved: 'C:\Users\ALDO\Downloads\MEGA\PES 17 City Ground\PES 17 City Ground\map_teams.txt' --> 'C:\Users\ALDO\Downloads\Documentos\map_teams.txt'
2026-05-30 20:03:07,484 - INFO - File moved: 'C:\Users\ALDO\Downloads\MEGA\PES 17 City Ground\PES 17 City Ground\ENG - City Ground\common\bg\model\bg\audi\area\st191\audi_area.xml' --> 'C:\Users\ALDO\Downloads\Código\audi_area.xml'
2026-05-30 20:03:07,484 - INFO - File moved: 'C:\Users\ALDO\Downloads\MEGA\PES 17 City Ground\PES 17 City Ground\ENG - City Ground\common\bg\model\bg\audi\area\st191\data\audiarea.bin' --> 'C:\Users\ALDO\Downloads\Otros\audiarea.bin'
2026-05-30 20:03:07,485 - INFO - File moved: 'C:\Users\ALDO\Downloads\MEGA\PES 17 City Ground\PES 17 City Ground\ENG - City Ground\common\bg\model\bg\audi\area\st191\texture\common\au_choreo1.dds' --> 'C:\Users\ALDO\Downloads\Otros\au_choreo1.dds'
2026-05-30 20:03:07,486 - INFO - File moved: 'C:\Users\ALDO\Downloads\MEGA\PES 17 City Ground\PES 17 City Ground\ENG - City Ground\common\bg\model\bg\audi\area\st191\texture\common\au_choreo2.dds' --> 'C:\Users\ALDO\Downloads\Otros\au_choreo2.dds'
2026-05-30 20:03:07,486 - INFO - File moved: 'C:\Users\ALDO\Downloads\MEGA\PES 17 City Ground\PES 17 City Ground\ENG - City Ground\common\bg\model\bg\audi\area\st191\texture\common\au_choreo_mask1.dds' --> 'C:\Users\ALDO\Downloads\Otros\au_choreo_mask1.dds'
2026-05-30 20:03:07,487 - INFO - File moved: 'C:\Users\ALDO\Downloads\MEGA\PES 17 City Ground\PES 17 City Ground\ENG - City Ground\common\bg\model\bg\audi\area\st191\texture\common\au_choreo_mask2.dds' --> 'C:\Users\ALDO\Downloads\Otros\au_choreo_mask2.dds'
2026-05-30 20:03:07,488 - INFO - File moved: 'C:\Users\ALDO\Downloads\MEGA\PES 17 City Ground\PES 17 City Ground\ENG - City Ground\common\bg\model\bg\audi\area\st191\texture\common\au_choreo_mask3.dds' --> 'C:\Users\ALDO\Downloads\Otros\au_choreo_mask3.dds'
2026-05-30 20:03:07,489 - INFO - File moved: 'C:\Users\ALDO\Downloads\MEGA\PES 17 City Ground\PES 17 City Ground\ENG - City Ground\common\bg\model\bg\audi\area\st191\texture\common\au_seat.dds' --> 'C:\Users\ALDO\Downloads\Otros\au_seat.dds'
2026-05-30 20:03:07,490 - INFO - File moved: 'C:\Users\ALDO\Downloads\MEGA\PES 17 City Ground\PES 17 City Ground\ENG - City Ground\common\bg\model\bg\audi\area\st191\texture\df\au_ambient.dds' --> 'C:\Users\ALDO\Downloads\Otros\au_ambient.dds'
2026-05-30 20:03:07,491 - INFO - File moved: 'C:\Users\ALDO\Downloads\MEGA\PES 17 City Ground\PES 17 City Ground\ENG - City Ground\common\bg\model\bg\audi\area\st191\texture\df\au_illumi.dds' --> 'C:\Users\ALDO\Downloads\Otros\au_illumi.dds'
2026-05-30 20:03:07,492 - INFO - File moved: 'C:\Users\ALDO\Downloads\MEGA\PES 17 City Ground\PES 17 City Ground\ENG - City Ground\common\bg\model\bg\audi\area\st191\texture\df\au_lightdir.dds' --> 'C:\Users\ALDO\Downloads\Otros\au_lightdir.dds'
2026-05-30 20:03:07,493 - INFO - File moved: 'C:\Users\ALDO\Downloads\MEGA\PES 17 City Ground\PES 17 City Ground\ENG - City Ground\common\bg\model\bg\audi\area\st191\texture\df\au_shade.dds' --> 'C:\Users\ALDO\Downloads\Otros\au_shade.dds'
2026-05-30 20:03:25,267 - INFO - File renamed into: 'C:\Users\ALDO\Downloads\Otros\au_ambient (1).dds'
2026-05-30 20:03:25,320 - INFO - File moved: 'C:\Users\ALDO\Downloads\MEGA\PES 17 City Ground\PES 17 City Ground\ENG - City Ground\common\bg\model\bg\audi\area\st191\texture\dr\au_ambient.dds' --> 'C:\Users\ALDO\Downloads\Otros\au_ambient (1).dds'
2026-05-30 20:07:33,369 - INFO - Starting in: {root_dir}
2026-05-30 20:07:33,399 - INFO - Already organize: {src}, skipping
2026-05-30 20:07:33,432 - INFO - Skipping, same file found: 'C:\Users\ALDO\Downloads\Comprimidos\ARCHIVOS SIDER Y REVOLUTION PATCH.rar'
2026-05-30 20:07:33,433 - INFO - Already organize: {src}, skipping
2026-05-30 20:07:33,456 - INFO - Skipping, same file found: 'C:\Users\ALDO\Downloads\Comprimidos\autoexam-master.zip'
2026-05-30 20:07:33,456 - INFO - Already organize: {src}, skipping
2026-05-30 20:07:34,278 - INFO - Skipping, same file found: 'C:\Users\ALDO\Downloads\Comprimidos\ESTADIO_BOCA_RIVER_2025_EXTERIORES.rar'
2026-05-30 20:07:34,279 - INFO - Already organize: {src}, skipping
2026-05-30 20:07:34,396 - INFO - Skipping, same file found: 'C:\Users\ALDO\Downloads\Comprimidos\GOAL_CELEBRATION.rar'
2026-05-30 20:07:34,396 - INFO - Already organize: {src}, skipping
2026-05-30 20:07:34,430 - INFO - Skipping, same file found: 'C:\Users\ALDO\Downloads\Comprimidos\GOAL_CELEBRATION_2.rar'
2026-05-30 20:07:34,430 - INFO - Already organize: {src}, skipping
2026-05-30 20:07:34,445 - INFO - Skipping, same file found: 'C:\Users\ALDO\Downloads\Comprimidos\gym-main.zip'
2026-05-30 20:07:34,445 - INFO - Already organize: {src}, skipping
2026-05-30 20:07:34,482 - INFO - Skipping, same file found: 'C:\Users\ALDO\Downloads\Comprimidos\make callname pack.rar'
2026-05-30 20:07:34,483 - INFO - Already organize: {src}, skipping
2026-05-30 20:07:34,745 - INFO - Skipping, same file found: 'C:\Users\ALDO\Downloads\Comprimidos\PES 17 City Ground.rar'
2026-05-30 20:07:34,745 - INFO - Already organize: {src}, skipping
2026-05-30 20:07:39,241 - INFO - Skipping, same file found: 'C:\Users\ALDO\Downloads\Comprimidos\PES 2017 -InMortal- Stadium Super Pack V2.rar'
2026-05-30 20:07:39,242 - INFO - Already organize: {src}, skipping
2026-05-30 20:07:39,581 - INFO - Skipping, same file found: 'C:\Users\ALDO\Downloads\Comprimidos\PES 2017 Super PackV2 Addon (IncludeFix1).rar'
2026-05-30 20:07:39,582 - INFO - Already organize: {src}, skipping
2026-05-30 20:07:39,597 - INFO - Skipping, same file found: 'C:\Users\ALDO\Downloads\Comprimidos\PES 2017 Super PackV2 Fix1.rar'
2026-05-30 20:07:39,597 - INFO - Already organize: {src}, skipping
2026-05-30 20:07:41,237 - INFO - Skipping, same file found: 'C:\Users\ALDO\Downloads\Comprimidos\Preds19-17_EnglishCallnames_V15.rar'
2026-05-30 20:07:41,238 - INFO - Already organize: {src}, skipping
2026-05-30 20:07:41,312 - INFO - Skipping, same file found: 'C:\Users\ALDO\Downloads\Comprimidos\programming-main.zip'
2026-05-30 20:07:41,312 - INFO - Already organize: {src}, skipping
2026-05-30 20:07:41,359 - INFO - Skipping, same file found: 'C:\Users\ALDO\Downloads\Comprimidos\ps2-bios-all-bios.zip'
2026-05-30 20:07:41,360 - INFO - Already organize: {src}, skipping
2026-05-30 20:07:41,430 - INFO - Skipping, same file found: 'C:\Users\ALDO\Downloads\Comprimidos\Robert_Lewandowski.rar'
2026-05-30 20:07:41,430 - INFO - Already organize: {src}, skipping
2026-05-30 20:07:41,943 - INFO - Skipping, same file found: 'C:\Users\ALDO\Downloads\Comprimidos\winlibs-x86_64-posix-seh-gcc-15.2.0-mingw-w64msvcrt-14.0.0-r7_2.zip'
2026-05-30 20:07:41,943 - INFO - Already organize: {src}, skipping
2026-05-30 20:07:41,992 - INFO - Skipping, same file found: 'C:\Users\ALDO\Downloads\Código\audi_area.xml'
2026-05-30 20:07:41,992 - INFO - Already organize: {src}, skipping
2026-05-30 20:07:42,011 - INFO - Skipping, same file found: 'C:\Users\ALDO\Downloads\Documentos\github-recovery-codes.txt'
2026-05-30 20:07:42,011 - INFO - Already organize: {src}, skipping
2026-05-30 20:07:42,040 - INFO - Skipping, same file found: 'C:\Users\ALDO\Downloads\Documentos\Las formas transfiguradas de la Plusvalia.ppt'
2026-05-30 20:07:42,041 - INFO - Already organize: {src}, skipping
2026-05-30 20:07:42,055 - INFO - Skipping, same file found: 'C:\Users\ALDO\Downloads\Documentos\map_teams.txt'
2026-05-30 20:07:42,055 - INFO - Already organize: {src}, skipping
2026-05-30 20:07:42,082 - INFO - Skipping, same file found: 'C:\Users\ALDO\Downloads\Documentos\Tema II. Conferencias.pdf'
2026-05-30 20:07:42,082 - INFO - Already organize: {src}, skipping
2026-05-30 20:07:42,598 - INFO - Skipping, same file found: 'C:\Users\ALDO\Downloads\Ejecutables\balenaEtcher-2.1.6.Setup.exe'
2026-05-30 20:07:42,599 - INFO - Already organize: {src}, skipping
2026-05-30 20:07:42,606 - INFO - Skipping, same file found: 'C:\Users\ALDO\Downloads\Ejecutables\Codex Installer.exe'
2026-05-30 20:07:42,606 - INFO - Already organize: {src}, skipping
2026-05-30 20:07:42,904 - INFO - Skipping, same file found: 'C:\Users\ALDO\Downloads\Ejecutables\directx_9c_Jun2010_redist.exe'
2026-05-30 20:07:42,905 - INFO - Already organize: {src}, skipping
2026-05-30 20:07:42,905 - INFO - Skipping, same file found: 'C:\Users\ALDO\Downloads\Ejecutables\dotnet-sdk-8.0.421-win-x64(1).exe'
2026-05-30 20:07:42,905 - INFO - Already organize: {src}, skipping
2026-05-30 20:07:42,906 - INFO - Skipping, same file found: 'C:\Users\ALDO\Downloads\Ejecutables\dotnet-sdk-8.0.421-win-x64.exe'
2026-05-30 20:07:42,906 - INFO - Already organize: {src}, skipping
2026-05-30 20:07:43,102 - INFO - Skipping, same file found: 'C:\Users\ALDO\Downloads\Ejecutables\Git-2.54.0-64-bit.exe'
2026-05-30 20:07:43,103 - INFO - Already organize: {src}, skipping
2026-05-30 20:07:43,142 - INFO - Skipping, same file found: 'C:\Users\ALDO\Downloads\Ejecutables\idman642build64.exe'
2026-05-30 20:07:43,142 - INFO - Already organize: {src}, skipping
2026-05-30 20:07:43,293 - INFO - Skipping, same file found: 'C:\Users\ALDO\Downloads\Ejecutables\PCSX2-v2.6.3-windows-x64-installer.exe'
2026-05-30 20:07:43,293 - INFO - Already organize: {src}, skipping
2026-05-30 20:07:43,306 - INFO - Skipping, same file found: 'C:\Users\ALDO\Downloads\Imágenes\afro kokun.jpg'
2026-05-30 20:07:43,306 - INFO - Already organize: {src}, skipping
2026-05-30 20:07:43,320 - INFO - Skipping, same file found: 'C:\Users\ALDO\Downloads\Imágenes\favicon.ico'
2026-05-30 20:07:43,322 - INFO - Skipping, same file found: 'C:\Users\ALDO\Downloads\MEGA\PES 17 City Ground\PES 17 City Ground\ENG - City Ground\common\bg\model\bg\audi\area\st191\texture\dr\au_illumi.dds'
2026-05-30 20:07:49,088 - INFO - File renamed into: 'C:\Users\ALDO\Downloads\Otros\au_lightdir (1).dds'
2026-05-30 20:07:49,088 - INFO - File moved: 'C:\Users\ALDO\Downloads\MEGA\PES 17 City Ground\PES 17 City Ground\ENG - City Ground\common\bg\model\bg\audi\area\st191\texture\dr\au_lightdir.dds' --> 'C:\Users\ALDO\Downloads\Otros\au_lightdir (1).dds'
2026-05-30 20:07:50,192 - INFO - File renamed into: 'C:\Users\ALDO\Downloads\Otros\au_shade (1).dds'
2026-05-30 20:07:50,193 - INFO - File moved: 'C:\Users\ALDO\Downloads\MEGA\PES 17 City Ground\PES 17 City Ground\ENG - City Ground\common\bg\model\bg\audi\area\st191\texture\dr\au_shade.dds' --> 'C:\Users\ALDO\Downloads\Otros\au_shade (1).dds'
2026-05-30 20:07:50,976 - INFO - File renamed into: 'C:\Users\ALDO\Downloads\Otros\au_ambient (1).dds'
2026-05-30 20:07:50,976 - INFO - File renamed into: 'C:\Users\ALDO\Downloads\Otros\au_ambient (2).dds'
2026-05-30 20:07:50,977 - INFO - File moved: 'C:\Users\ALDO\Downloads\MEGA\PES 17 City Ground\PES 17 City Ground\ENG - City Ground\common\bg\model\bg\audi\area\st191\texture\nf\au_ambient.dds' --> 'C:\Users\ALDO\Downloads\Otros\au_ambient (2).dds'
2026-05-30 20:07:51,009 - INFO - Skipping, same file found: 'C:\Users\ALDO\Downloads\MEGA\PES 17 City Ground\PES 17 City Ground\ENG - City Ground\common\bg\model\bg\audi\area\st191\texture\nf\au_illumi.dds'
2026-05-30 20:07:51,510 - INFO - File renamed into: 'C:\Users\ALDO\Downloads\Otros\au_lightdir (1).dds'
2026-05-30 20:07:51,511 - INFO - File renamed into: 'C:\Users\ALDO\Downloads\Otros\au_lightdir (2).dds'
2026-05-30 20:07:51,511 - INFO - File moved: 'C:\Users\ALDO\Downloads\MEGA\PES 17 City Ground\PES 17 City Ground\ENG - City Ground\common\bg\model\bg\audi\area\st191\texture\nf\au_lightdir.dds' --> 'C:\Users\ALDO\Downloads\Otros\au_lightdir (2).dds'
2026-05-30 20:07:51,940 - INFO - File renamed into: 'C:\Users\ALDO\Downloads\Otros\au_shade (1).dds'
2026-05-30 20:07:51,940 - INFO - File renamed into: 'C:\Users\ALDO\Downloads\Otros\au_shade (2).dds'
2026-05-30 20:07:51,941 - INFO - File moved: 'C:\Users\ALDO\Downloads\MEGA\PES 17 City Ground\PES 17 City Ground\ENG - City Ground\common\bg\model\bg\audi\area\st191\texture\nf\au_shade.dds' --> 'C:\Users\ALDO\Downloads\Otros\au_shade (2).dds'
2026-05-30 20:07:52,408 - INFO - File renamed into: 'C:\Users\ALDO\Downloads\Otros\au_ambient (1).dds'
2026-05-30 20:07:52,409 - INFO - File renamed into: 'C:\Users\ALDO\Downloads\Otros\au_ambient (2).dds'
2026-05-30 20:07:52,409 - INFO - File renamed into: 'C:\Users\ALDO\Downloads\Otros\au_ambient (3).dds'
2026-05-30 20:07:52,409 - INFO - File moved: 'C:\Users\ALDO\Downloads\MEGA\PES 17 City Ground\PES 17 City Ground\ENG - City Ground\common\bg\model\bg\audi\area\st191\texture\nr\au_ambient.dds' --> 'C:\Users\ALDO\Downloads\Otros\au_ambient (3).dds'
2026-05-30 20:07:52,412 - INFO - Skipping, same file found: 'C:\Users\ALDO\Downloads\MEGA\PES 17 City Ground\PES 17 City Ground\ENG - City Ground\common\bg\model\bg\audi\area\st191\texture\nr\au_illumi.dds'
2026-05-30 20:07:53,462 - INFO - File renamed into: 'C:\Users\ALDO\Downloads\Otros\au_lightdir (1).dds'
2026-05-30 20:07:53,463 - INFO - File renamed into: 'C:\Users\ALDO\Downloads\Otros\au_lightdir (2).dds'
2026-05-30 20:07:53,463 - INFO - File renamed into: 'C:\Users\ALDO\Downloads\Otros\au_lightdir (3).dds'
2026-05-30 20:07:53,463 - INFO - File moved: 'C:\Users\ALDO\Downloads\MEGA\PES 17 City Ground\PES 17 City Ground\ENG - City Ground\common\bg\model\bg\audi\area\st191\texture\nr\au_lightdir.dds' --> 'C:\Users\ALDO\Downloads\Otros\au_lightdir (3).dds'
2026-05-30 20:07:53,797 - INFO - File renamed into: 'C:\Users\ALDO\Downloads\Otros\au_shade (1).dds'
2026-05-30 20:07:53,798 - INFO - File renamed into: 'C:\Users\ALDO\Downloads\Otros\au_shade (2).dds'
2026-05-30 20:07:53,798 - INFO - File renamed into: 'C:\Users\ALDO\Downloads\Otros\au_shade (3).dds'
2026-05-30 20:07:53,798 - INFO - File moved: 'C:\Users\ALDO\Downloads\MEGA\PES 17 City Ground\PES 17 City Ground\ENG - City Ground\common\bg\model\bg\audi\area\st191\texture\nr\au_shade.dds' --> 'C:\Users\ALDO\Downloads\Otros\au_shade (3).dds'
2026-05-30 20:07:53,800 - INFO - File moved: 'C:\Users\ALDO\Downloads\MEGA\PES 17 City Ground\PES 17 City Ground\ENG - City Ground\common\bg\model\bg\audi\common\model\chair.model' --> 'C:\Users\ALDO\Downloads\Otros\chair.model'
2026-05-30 20:07:53,825 - INFO - File moved: 'C:\Users\ALDO\Downloads\MEGA\PES 17 City Ground\PES 17 City Ground\ENG - City Ground\common\bg\model\bg\audi\common\texture\au_seat_ed01.dds' --> 'C:\Users\ALDO\Downloads\Otros\au_seat_ed01.dds'
2026-05-30 20:07:53,840 - INFO - File moved: 'C:\Users\ALDO\Downloads\MEGA\PES 17 City Ground\PES 17 City Ground\ENG - City Ground\common\bg\model\bg\audi\common\texture\au_seat_ed02.dds' --> 'C:\Users\ALDO\Downloads\Otros\au_seat_ed02.dds'
2026-05-30 20:07:53,841 - INFO - File moved: 'C:\Users\ALDO\Downloads\MEGA\PES 17 City Ground\PES 17 City Ground\ENG - City Ground\common\bg\model\bg\audi\common\texture\au_seat_ed03.dds' --> 'C:\Users\ALDO\Downloads\Otros\au_seat_ed03.dds'
2026-05-30 20:07:53,842 - INFO - File moved: 'C:\Users\ALDO\Downloads\MEGA\PES 17 City Ground\PES 17 City Ground\ENG - City Ground\common\bg\model\bg\audi\common\texture\au_seat_ed04.dds' --> 'C:\Users\ALDO\Downloads\Otros\au_seat_ed04.dds'
2026-05-30 20:07:53,844 - INFO - File moved: 'C:\Users\ALDO\Downloads\MEGA\PES 17 City Ground\PES 17 City Ground\ENG - City Ground\common\bg\model\bg\audi\common\texture\au_seat_ed05.dds' --> 'C:\Users\ALDO\Downloads\Otros\au_seat_ed05.dds'
2026-05-30 20:07:53,844 - INFO - File moved: 'C:\Users\ALDO\Downloads\MEGA\PES 17 City Ground\PES 17 City Ground\ENG - City Ground\common\bg\model\bg\audi\common\texture\au_seat_ed06.dds' --> 'C:\Users\ALDO\Downloads\Otros\au_seat_ed06.dds'
2026-05-30 20:07:53,846 - INFO - File moved: 'C:\Users\ALDO\Downloads\MEGA\PES 17 City Ground\PES 17 City Ground\ENG - City Ground\common\bg\model\bg\audi\common\texture\au_seat_ed07.dds' --> 'C:\Users\ALDO\Downloads\Otros\au_seat_ed07.dds'
2026-05-30 20:07:53,846 - INFO - File moved: 'C:\Users\ALDO\Downloads\MEGA\PES 17 City Ground\PES 17 City Ground\ENG - City Ground\common\bg\model\bg\audi\common\texture\au_seat_ed08.dds' --> 'C:\Users\ALDO\Downloads\Otros\au_seat_ed08.dds'
2026-05-30 20:07:53,847 - INFO - File moved: 'C:\Users\ALDO\Downloads\MEGA\PES 17 City Ground\PES 17 City Ground\ENG - City Ground\common\bg\model\bg\audi\common\texture\face_b.DDS' --> 'C:\Users\ALDO\Downloads\Otros\face_b.DDS'
2026-05-30 20:07:53,848 - INFO - File moved: 'C:\Users\ALDO\Downloads\MEGA\PES 17 City Ground\PES 17 City Ground\ENG - City Ground\common\bg\model\bg\audi\common\texture\face_r.DDS' --> 'C:\Users\ALDO\Downloads\Otros\face_r.DDS'
2026-05-30 20:07:53,849 - INFO - File moved: 'C:\Users\ALDO\Downloads\MEGA\PES 17 City Ground\PES 17 City Ground\ENG - City Ground\common\bg\model\bg\audi\common\texture\face_w.DDS' --> 'C:\Users\ALDO\Downloads\Otros\face_w.DDS'
2026-05-30 20:07:53,850 - INFO - File moved: 'C:\Users\ALDO\Downloads\MEGA\PES 17 City Ground\PES 17 City Ground\ENG - City Ground\common\bg\model\bg\audi\common\texture\face_y.DDS' --> 'C:\Users\ALDO\Downloads\Otros\face_y.DDS'
2026-05-30 20:07:53,851 - INFO - File moved: 'C:\Users\ALDO\Downloads\MEGA\PES 17 City Ground\PES 17 City Ground\ENG - City Ground\common\bg\model\bg\audi\rain\audi.mtl' --> 'C:\Users\ALDO\Downloads\Otros\audi.mtl'
2026-05-30 20:07:53,852 - INFO - File moved: 'C:\Users\ALDO\Downloads\MEGA\PES 17 City Ground\PES 17 City Ground\ENG - City Ground\common\bg\model\bg\audi\rain\audi_normal.xml' --> 'C:\Users\ALDO\Downloads\Código\audi_normal.xml'
2026-05-30 20:07:53,853 - INFO - File moved: 'C:\Users\ALDO\Downloads\MEGA\PES 17 City Ground\PES 17 City Ground\ENG - City Ground\common\bg\model\bg\audi\rain\model\r01.model' --> 'C:\Users\ALDO\Downloads\Otros\r01.model'
2026-05-30 20:07:53,853 - INFO - File moved: 'C:\Users\ALDO\Downloads\MEGA\PES 17 City Ground\PES 17 City Ground\ENG - City Ground\common\bg\model\bg\audi\rain\model\r02.model' --> 'C:\Users\ALDO\Downloads\Otros\r02.model'
2026-05-30 20:07:53,854 - INFO - File moved: 'C:\Users\ALDO\Downloads\MEGA\PES 17 City Ground\PES 17 City Ground\ENG - City Ground\common\bg\model\bg\audi\rain\model\r03.model' --> 'C:\Users\ALDO\Downloads\Otros\r03.model'
2026-05-30 20:07:53,855 - INFO - File moved: 'C:\Users\ALDO\Downloads\MEGA\PES 17 City Ground\PES 17 City Ground\ENG - City Ground\common\bg\model\bg\audi\rain\model\r04.model' --> 'C:\Users\ALDO\Downloads\Otros\r04.model'
2026-05-30 20:07:53,857 - INFO - File moved: 'C:\Users\ALDO\Downloads\MEGA\PES 17 City Ground\PES 17 City Ground\ENG - City Ground\common\bg\model\bg\audi\rain\model\r05.model' --> 'C:\Users\ALDO\Downloads\Otros\r05.model'
2026-05-30 20:07:53,858 - INFO - File moved: 'C:\Users\ALDO\Downloads\MEGA\PES 17 City Ground\PES 17 City Ground\ENG - City Ground\common\bg\model\bg\audi\rain\model\r06.model' --> 'C:\Users\ALDO\Downloads\Otros\r06.model'
2026-05-30 20:07:53,859 - INFO - File moved: 'C:\Users\ALDO\Downloads\MEGA\PES 17 City Ground\PES 17 City Ground\ENG - City Ground\common\bg\model\bg\audi\rain\model\r07.model' --> 'C:\Users\ALDO\Downloads\Otros\r07.model'
2026-05-30 20:07:53,859 - INFO - File moved: 'C:\Users\ALDO\Downloads\MEGA\PES 17 City Ground\PES 17 City Ground\ENG - City Ground\common\bg\model\bg\audi\rain\model\r08.model' --> 'C:\Users\ALDO\Downloads\Otros\r08.model'
2026-05-30 20:07:53,860 - INFO - File moved: 'C:\Users\ALDO\Downloads\MEGA\PES 17 City Ground\PES 17 City Ground\ENG - City Ground\common\bg\model\bg\audi\rain\texture\audi_n.dds' --> 'C:\Users\ALDO\Downloads\Otros\audi_n.dds'
2026-05-30 20:07:53,861 - INFO - File moved: 'C:\Users\ALDO\Downloads\MEGA\PES 17 City Ground\PES 17 City Ground\ENG - City Ground\common\bg\model\bg\audi\rain\texture\audi_r.dds' --> 'C:\Users\ALDO\Downloads\Otros\audi_r.dds'
2026-05-30 20:07:53,861 - INFO - File moved: 'C:\Users\ALDO\Downloads\MEGA\PES 17 City Ground\PES 17 City Ground\ENG - City Ground\common\bg\model\bg\audi\rain\texture\audi_r_c.dds' --> 'C:\Users\ALDO\Downloads\Otros\audi_r_c.dds'
2026-05-30 20:07:53,862 - INFO - File moved: 'C:\Users\ALDO\Downloads\MEGA\PES 17 City Ground\PES 17 City Ground\ENG - City Ground\common\bg\model\bg\audi\rain\texture\audi_r_n.dds' --> 'C:\Users\ALDO\Downloads\Otros\audi_r_n.dds'
2026-05-30 20:07:54,120 - INFO - File renamed into: 'C:\Users\ALDO\Downloads\Otros\audi (1).mtl'
2026-05-30 20:07:54,121 - INFO - File moved: 'C:\Users\ALDO\Downloads\MEGA\PES 17 City Ground\PES 17 City Ground\ENG - City Ground\common\bg\model\bg\audi\summer\audi.mtl' --> 'C:\Users\ALDO\Downloads\Otros\audi (1).mtl'
2026-05-30 20:07:54,139 - INFO - File moved: 'C:\Users\ALDO\Downloads\MEGA\PES 17 City Ground\PES 17 City Ground\ENG - City Ground\common\bg\model\bg\audi\summer\audi_liberta.xml' --> 'C:\Users\ALDO\Downloads\Código\audi_liberta.xml'
2026-05-30 20:07:54,622 - INFO - File renamed into: 'C:\Users\ALDO\Downloads\Código\audi_normal (1).xml'
2026-05-30 20:07:54,622 - INFO - File moved: 'C:\Users\ALDO\Downloads\MEGA\PES 17 City Ground\PES 17 City Ground\ENG - City Ground\common\bg\model\bg\audi\summer\audi_normal.xml' --> 'C:\Users\ALDO\Downloads\Código\audi_normal (1).xml'
2026-05-30 20:07:54,623 - INFO - File moved: 'C:\Users\ALDO\Downloads\MEGA\PES 17 City Ground\PES 17 City Ground\ENG - City Ground\common\bg\model\bg\audi\summer\audi_saudiarabia.xml' --> 'C:\Users\ALDO\Downloads\Código\audi_saudiarabia.xml'
2026-05-30 20:07:54,624 - INFO - File moved: 'C:\Users\ALDO\Downloads\MEGA\PES 17 City Ground\PES 17 City Ground\ENG - City Ground\common\bg\model\bg\audi\summer\model\s01.model' --> 'C:\Users\ALDO\Downloads\Otros\s01.model'
2026-05-30 20:07:54,625 - INFO - File moved: 'C:\Users\ALDO\Downloads\MEGA\PES 17 City Ground\PES 17 City Ground\ENG - City Ground\common\bg\model\bg\audi\summer\model\s02.model' --> 'C:\Users\ALDO\Downloads\Otros\s02.model'
2026-05-30 20:07:54,626 - INFO - File moved: 'C:\Users\ALDO\Downloads\MEGA\PES 17 City Ground\PES 17 City Ground\ENG - City Ground\common\bg\model\bg\audi\summer\model\s03.model' --> 'C:\Users\ALDO\Downloads\Otros\s03.model'
2026-05-30 20:07:54,627 - INFO - File moved: 'C:\Users\ALDO\Downloads\MEGA\PES 17 City Ground\PES 17 City Ground\ENG - City Ground\common\bg\model\bg\audi\summer\model\s04.model' --> 'C:\Users\ALDO\Downloads\Otros\s04.model'
2026-05-30 20:07:54,628 - INFO - File moved: 'C:\Users\ALDO\Downloads\MEGA\PES 17 City Ground\PES 17 City Ground\ENG - City Ground\common\bg\model\bg\audi\summer\model\s05.model' --> 'C:\Users\ALDO\Downloads\Otros\s05.model'
2026-05-30 20:07:54,629 - INFO - File moved: 'C:\Users\ALDO\Downloads\MEGA\PES 17 City Ground\PES 17 City Ground\ENG - City Ground\common\bg\model\bg\audi\summer\model\s06.model' --> 'C:\Users\ALDO\Downloads\Otros\s06.model'
2026-05-30 20:07:54,630 - INFO - File moved: 'C:\Users\ALDO\Downloads\MEGA\PES 17 City Ground\PES 17 City Ground\ENG - City Ground\common\bg\model\bg\audi\summer\model\s07.model' --> 'C:\Users\ALDO\Downloads\Otros\s07.model'
2026-05-30 20:07:54,631 - INFO - File moved: 'C:\Users\ALDO\Downloads\MEGA\PES 17 City Ground\PES 17 City Ground\ENG - City Ground\common\bg\model\bg\audi\summer\model\s08.model' --> 'C:\Users\ALDO\Downloads\Otros\s08.model'
2026-05-30 20:07:54,631 - INFO - File moved: 'C:\Users\ALDO\Downloads\MEGA\PES 17 City Ground\PES 17 City Ground\ENG - City Ground\common\bg\model\bg\audi\summer\model\s09.model' --> 'C:\Users\ALDO\Downloads\Otros\s09.model'
2026-05-30 20:07:54,632 - INFO - File moved: 'C:\Users\ALDO\Downloads\MEGA\PES 17 City Ground\PES 17 City Ground\ENG - City Ground\common\bg\model\bg\audi\summer\model\s10.model' --> 'C:\Users\ALDO\Downloads\Otros\s10.model'
2026-05-30 20:07:54,633 - INFO - File moved: 'C:\Users\ALDO\Downloads\MEGA\PES 17 City Ground\PES 17 City Ground\ENG - City Ground\common\bg\model\bg\audi\summer\model\s11.model' --> 'C:\Users\ALDO\Downloads\Otros\s11.model'
2026-05-30 20:07:54,635 - INFO - File moved: 'C:\Users\ALDO\Downloads\MEGA\PES 17 City Ground\PES 17 City Ground\ENG - City Ground\common\bg\model\bg\audi\summer\texture\audi_s_l_c.dds' --> 'C:\Users\ALDO\Downloads\Otros\audi_s_l_c.dds'
2026-05-30 20:07:54,636 - INFO - File moved: 'C:\Users\ALDO\Downloads\MEGA\PES 17 City Ground\PES 17 City Ground\ENG - City Ground\common\bg\model\bg\audi\summer\texture\audi_s_n.dds' --> 'C:\Users\ALDO\Downloads\Otros\audi_s_n.dds'
2026-05-30 20:07:54,637 - INFO - File moved: 'C:\Users\ALDO\Downloads\MEGA\PES 17 City Ground\PES 17 City Ground\ENG - City Ground\common\bg\model\bg\audi\summer\texture\audi_s_n_c.dds' --> 'C:\Users\ALDO\Downloads\Otros\audi_s_n_c.dds'
2026-05-30 20:07:54,638 - INFO - File moved: 'C:\Users\ALDO\Downloads\MEGA\PES 17 City Ground\PES 17 City Ground\ENG - City Ground\common\bg\model\bg\audi\summer\texture\audi_s_s_c.dds' --> 'C:\Users\ALDO\Downloads\Otros\audi_s_s_c.dds'
2026-05-30 20:07:55,073 - INFO - File renamed into: 'C:\Users\ALDO\Downloads\Otros\audi (1).mtl'
2026-05-30 20:07:55,073 - INFO - File renamed into: 'C:\Users\ALDO\Downloads\Otros\audi (2).mtl'
2026-05-30 20:07:55,074 - INFO - File moved: 'C:\Users\ALDO\Downloads\MEGA\PES 17 City Ground\PES 17 City Ground\ENG - City Ground\common\bg\model\bg\audi\winter\audi.mtl' --> 'C:\Users\ALDO\Downloads\Otros\audi (2).mtl'
2026-05-30 20:07:55,531 - INFO - File renamed into: 'C:\Users\ALDO\Downloads\Código\audi_liberta (1).xml'
2026-05-30 20:07:55,532 - INFO - File moved: 'C:\Users\ALDO\Downloads\MEGA\PES 17 City Ground\PES 17 City Ground\ENG - City Ground\common\bg\model\bg\audi\winter\audi_liberta.xml' --> 'C:\Users\ALDO\Downloads\Código\audi_liberta (1).xml'
2026-05-30 20:07:55,940 - INFO - File renamed into: 'C:\Users\ALDO\Downloads\Código\audi_normal (1).xml'
2026-05-30 20:07:55,940 - INFO - File renamed into: 'C:\Users\ALDO\Downloads\Código\audi_normal (2).xml'
2026-05-30 20:07:55,941 - INFO - File moved: 'C:\Users\ALDO\Downloads\MEGA\PES 17 City Ground\PES 17 City Ground\ENG - City Ground\common\bg\model\bg\audi\winter\audi_normal.xml' --> 'C:\Users\ALDO\Downloads\Código\audi_normal (2).xml'
2026-05-30 20:07:56,345 - INFO - File renamed into: 'C:\Users\ALDO\Downloads\Código\audi_saudiarabia (1).xml'
2026-05-30 20:07:56,346 - INFO - File moved: 'C:\Users\ALDO\Downloads\MEGA\PES 17 City Ground\PES 17 City Ground\ENG - City Ground\common\bg\model\bg\audi\winter\audi_saudiarabia.xml' --> 'C:\Users\ALDO\Downloads\Código\audi_saudiarabia (1).xml'
2026-05-30 20:07:56,385 - INFO - File moved: 'C:\Users\ALDO\Downloads\MEGA\PES 17 City Ground\PES 17 City Ground\ENG - City Ground\common\bg\model\bg\audi\winter\model\w01.model' --> 'C:\Users\ALDO\Downloads\Otros\w01.model'
2026-05-30 20:07:56,387 - INFO - File moved: 'C:\Users\ALDO\Downloads\MEGA\PES 17 City Ground\PES 17 City Ground\ENG - City Ground\common\bg\model\bg\audi\winter\model\w02.model' --> 'C:\Users\ALDO\Downloads\Otros\w02.model'
2026-05-30 20:07:56,388 - INFO - File moved: 'C:\Users\ALDO\Downloads\MEGA\PES 17 City Ground\PES 17 City Ground\ENG - City Ground\common\bg\model\bg\audi\winter\model\w03.model' --> 'C:\Users\ALDO\Downloads\Otros\w03.model'
2026-05-30 20:07:56,389 - INFO - File moved: 'C:\Users\ALDO\Downloads\MEGA\PES 17 City Ground\PES 17 City Ground\ENG - City Ground\common\bg\model\bg\audi\winter\model\w04.model' --> 'C:\Users\ALDO\Downloads\Otros\w04.model'
2026-05-30 20:07:56,390 - INFO - File moved: 'C:\Users\ALDO\Downloads\MEGA\PES 17 City Ground\PES 17 City Ground\ENG - City Ground\common\bg\model\bg\audi\winter\model\w05.model' --> 'C:\Users\ALDO\Downloads\Otros\w05.model'
2026-05-30 20:07:56,390 - INFO - File moved: 'C:\Users\ALDO\Downloads\MEGA\PES 17 City Ground\PES 17 City Ground\ENG - City Ground\common\bg\model\bg\audi\winter\model\w06.model' --> 'C:\Users\ALDO\Downloads\Otros\w06.model'
2026-05-30 20:07:56,391 - INFO - File moved: 'C:\Users\ALDO\Downloads\MEGA\PES 17 City Ground\PES 17 City Ground\ENG - City Ground\common\bg\model\bg\audi\winter\model\w07.model' --> 'C:\Users\ALDO\Downloads\Otros\w07.model'
2026-05-30 20:07:56,392 - INFO - File moved: 'C:\Users\ALDO\Downloads\MEGA\PES 17 City Ground\PES 17 City Ground\ENG - City Ground\common\bg\model\bg\audi\winter\model\w08.model' --> 'C:\Users\ALDO\Downloads\Otros\w08.model'
2026-05-30 20:07:56,393 - INFO - File moved: 'C:\Users\ALDO\Downloads\MEGA\PES 17 City Ground\PES 17 City Ground\ENG - City Ground\common\bg\model\bg\audi\winter\texture\audi_n_w.dds' --> 'C:\Users\ALDO\Downloads\Otros\audi_n_w.dds'
2026-05-30 20:07:56,751 - INFO - File renamed into: 'C:\Users\ALDO\Downloads\Otros\audi_s_l_c (1).dds'
2026-05-30 20:07:56,752 - INFO - File moved: 'C:\Users\ALDO\Downloads\MEGA\PES 17 City Ground\PES 17 City Ground\ENG - City Ground\common\bg\model\bg\audi\winter\texture\audi_s_l_c.dds' --> 'C:\Users\ALDO\Downloads\Otros\audi_s_l_c (1).dds'
2026-05-30 20:07:57,118 - INFO - File renamed into: 'C:\Users\ALDO\Downloads\Otros\audi_s_n (1).dds'
2026-05-30 20:07:57,164 - INFO - File moved: 'C:\Users\ALDO\Downloads\MEGA\PES 17 City Ground\PES 17 City Ground\ENG - City Ground\common\bg\model\bg\audi\winter\texture\audi_s_n.dds' --> 'C:\Users\ALDO\Downloads\Otros\audi_s_n (1).dds'
2026-05-30 20:07:57,494 - INFO - File renamed into: 'C:\Users\ALDO\Downloads\Otros\audi_s_n_c (1).dds'
2026-05-30 20:07:57,495 - INFO - File moved: 'C:\Users\ALDO\Downloads\MEGA\PES 17 City Ground\PES 17 City Ground\ENG - City Ground\common\bg\model\bg\audi\winter\texture\audi_s_n_c.dds' --> 'C:\Users\ALDO\Downloads\Otros\audi_s_n_c (1).dds'
2026-05-30 20:07:57,860 - INFO - File renamed into: 'C:\Users\ALDO\Downloads\Otros\audi_s_s_c (1).dds'
2026-05-30 20:07:57,861 - INFO - File moved: 'C:\Users\ALDO\Downloads\MEGA\PES 17 City Ground\PES 17 City Ground\ENG - City Ground\common\bg\model\bg\audi\winter\texture\audi_s_s_c.dds' --> 'C:\Users\ALDO\Downloads\Otros\audi_s_s_c (1).dds'
2026-05-30 20:07:57,862 - INFO - File moved: 'C:\Users\ALDO\Downloads\MEGA\PES 17 City Ground\PES 17 City Ground\ENG - City Ground\common\bg\model\bg\audi\winter\texture\audi_w_c.dds' --> 'C:\Users\ALDO\Downloads\Otros\audi_w_c.dds'
2026-05-30 20:07:57,862 - INFO - File moved: 'C:\Users\ALDO\Downloads\MEGA\PES 17 City Ground\PES 17 City Ground\ENG - City Ground\common\bg\model\bg\audi\winter\texture\audi_w_n.dds' --> 'C:\Users\ALDO\Downloads\Otros\audi_w_n.dds'
2026-05-30 20:07:57,863 - INFO - File moved: 'C:\Users\ALDO\Downloads\MEGA\PES 17 City Ground\PES 17 City Ground\ENG - City Ground\common\bg\model\bg\audi\winter\texture\audi_w_n_c.dds' --> 'C:\Users\ALDO\Downloads\Otros\audi_w_n_c.dds'
2026-05-30 20:07:57,892 - INFO - File moved: 'C:\Users\ALDO\Downloads\MEGA\PES 17 City Ground\PES 17 City Ground\ENG - City Ground\common\bg\model\bg\bill\p_engchampplayoffs\p_engchampplayoffs_df.xml' --> 'C:\Users\ALDO\Downloads\Código\p_engchampplayoffs_df.xml'
2026-05-30 20:07:57,893 - INFO - File moved: 'C:\Users\ALDO\Downloads\MEGA\PES 17 City Ground\PES 17 City Ground\ENG - City Ground\common\bg\model\bg\bill\p_engchampplayoffs\p_engchampplayoffs_dr.xml' --> 'C:\Users\ALDO\Downloads\Código\p_engchampplayoffs_dr.xml'
2026-05-30 20:07:57,894 - INFO - File moved: 'C:\Users\ALDO\Downloads\MEGA\PES 17 City Ground\PES 17 City Ground\ENG - City Ground\common\bg\model\bg\bill\p_engchampplayoffs\p_engchampplayoffs_nf.xml' --> 'C:\Users\ALDO\Downloads\Código\p_engchampplayoffs_nf.xml'
2026-05-30 20:07:57,895 - INFO - File moved: 'C:\Users\ALDO\Downloads\MEGA\PES 17 City Ground\PES 17 City Ground\ENG - City Ground\common\bg\model\bg\bill\p_engchampplayoffs\p_engchampplayoffs_nr.xml' --> 'C:\Users\ALDO\Downloads\Código\p_engchampplayoffs_nr.xml'
2026-05-30 20:07:57,903 - INFO - File moved: 'C:\Users\ALDO\Downloads\MEGA\PES 17 City Ground\PES 17 City Ground\ENG - City Ground\common\bg\model\bg\bill\p_engchampplayoffs\notts\bill_df.mtl' --> 'C:\Users\ALDO\Downloads\Otros\bill_df.mtl'
2026-05-30 20:07:57,905 - INFO - File moved: 'C:\Users\ALDO\Downloads\MEGA\PES 17 City Ground\PES 17 City Ground\ENG - City Ground\common\bg\model\bg\bill\p_engchampplayoffs\notts\bill_df.xml' --> 'C:\Users\ALDO\Downloads\Código\bill_df.xml'
2026-05-30 20:07:57,906 - INFO - File moved: 'C:\Users\ALDO\Downloads\MEGA\PES 17 City Ground\PES 17 City Ground\ENG - City Ground\common\bg\model\bg\bill\p_engchampplayoffs\notts\bill_dr.xml' --> 'C:\Users\ALDO\Downloads\Código\bill_dr.xml'
2026-05-30 20:07:57,907 - INFO - File moved: 'C:\Users\ALDO\Downloads\MEGA\PES 17 City Ground\PES 17 City Ground\ENG - City Ground\common\bg\model\bg\bill\p_engchampplayoffs\notts\bill_nf.xml' --> 'C:\Users\ALDO\Downloads\Código\bill_nf.xml'
2026-05-30 20:07:57,908 - INFO - File moved: 'C:\Users\ALDO\Downloads\MEGA\PES 17 City Ground\PES 17 City Ground\ENG - City Ground\common\bg\model\bg\bill\p_engchampplayoffs\notts\bill_nr.xml' --> 'C:\Users\ALDO\Downloads\Código\bill_nr.xml'
2026-05-30 20:07:57,909 - INFO - File moved: 'C:\Users\ALDO\Downloads\MEGA\PES 17 City Ground\PES 17 City Ground\ENG - City Ground\common\bg\model\bg\bill\p_engchampplayoffs\notts\model\bill_movie_back1_bill_10_body.model' --> 'C:\Users\ALDO\Downloads\Otros\bill_movie_back1_bill_10_body.model'
2026-05-30 20:07:57,910 - INFO - File moved: 'C:\Users\ALDO\Downloads\MEGA\PES 17 City Ground\PES 17 City Ground\ENG - City Ground\common\bg\model\bg\bill\p_engchampplayoffs\notts\model\bill_movie_back1_bill_10_face.model' --> 'C:\Users\ALDO\Downloads\Otros\bill_movie_back1_bill_10_face.model'
2026-05-30 20:07:57,911 - INFO - File moved: 'C:\Users\ALDO\Downloads\MEGA\PES 17 City Ground\PES 17 City Ground\ENG - City Ground\common\bg\model\bg\bill\p_engchampplayoffs\notts\model\bill_movie_left1_bill_10_body.model' --> 'C:\Users\ALDO\Downloads\Otros\bill_movie_left1_bill_10_body.model'
2026-05-30 20:07:57,911 - INFO - File moved: 'C:\Users\ALDO\Downloads\MEGA\PES 17 City Ground\PES 17 City Ground\ENG - City Ground\common\bg\model\bg\bill\p_engchampplayoffs\notts\model\bill_movie_left1_bill_10_face.model' --> 'C:\Users\ALDO\Downloads\Otros\bill_movie_left1_bill_10_face.model'
2026-05-30 20:07:57,913 - INFO - File moved: 'C:\Users\ALDO\Downloads\MEGA\PES 17 City Ground\PES 17 City Ground\ENG - City Ground\common\bg\model\bg\bill\p_engchampplayoffs\notts\model\bill_movie_right1_bill_10_body.model' --> 'C:\Users\ALDO\Downloads\Otros\bill_movie_right1_bill_10_body.model'
2026-05-30 20:07:57,913 - INFO - File moved: 'C:\Users\ALDO\Downloads\MEGA\PES 17 City Ground\PES 17 City Ground\ENG - City Ground\common\bg\model\bg\bill\p_engchampplayoffs\notts\model\bill_movie_right1_bill_10_face.model' --> 'C:\Users\ALDO\Downloads\Otros\bill_movie_right1_bill_10_face.model'
2026-05-30 20:07:57,914 - INFO - File moved: 'C:\Users\ALDO\Downloads\MEGA\PES 17 City Ground\PES 17 City Ground\ENG - City Ground\common\bg\model\bg\bill\p_engchampplayoffs\notts\texture\common\bill_body.dds' --> 'C:\Users\ALDO\Downloads\Otros\bill_body.dds'
2026-05-30 20:07:57,914 - INFO - File moved: 'C:\Users\ALDO\Downloads\MEGA\PES 17 City Ground\PES 17 City Ground\ENG - City Ground\common\bg\model\bg\bill\p_engchampplayoffs\notts\texture\common\bill_wrap_00.dds' --> 'C:\Users\ALDO\Downloads\Otros\bill_wrap_00.dds'
2026-05-30 20:07:57,915 - INFO - File moved: 'C:\Users\ALDO\Downloads\MEGA\PES 17 City Ground\PES 17 City Ground\ENG - City Ground\common\bg\model\bg\bill\p_engfacup\p_engfacup_df.xml' --> 'C:\Users\ALDO\Downloads\Código\p_engfacup_df.xml'
2026-05-30 20:07:57,916 - INFO - File moved: 'C:\Users\ALDO\Downloads\MEGA\PES 17 City Ground\PES 17 City Ground\ENG - City Ground\common\bg\model\bg\bill\p_engfacup\p_engfacup_dr.xml' --> 'C:\Users\ALDO\Downloads\Código\p_engfacup_dr.xml'
2026-05-30 20:07:57,917 - INFO - File moved: 'C:\Users\ALDO\Downloads\MEGA\PES 17 City Ground\PES 17 City Ground\ENG - City Ground\common\bg\model\bg\bill\p_engfacup\p_engfacup_nf.xml' --> 'C:\Users\ALDO\Downloads\Código\p_engfacup_nf.xml'
2026-05-30 20:07:57,918 - INFO - File moved: 'C:\Users\ALDO\Downloads\MEGA\PES 17 City Ground\PES 17 City Ground\ENG - City Ground\common\bg\model\bg\bill\p_engfacup\p_engfacup_nr.xml' --> 'C:\Users\ALDO\Downloads\Código\p_engfacup_nr.xml'
2026-05-30 20:07:57,929 - INFO - Skipping, same file found: 'C:\Users\ALDO\Downloads\MEGA\PES 17 City Ground\PES 17 City Ground\ENG - City Ground\common\bg\model\bg\bill\p_engfacup\notts_fa_cup\bill_df.mtl'
2026-05-30 20:07:57,937 - INFO - Skipping, same file found: 'C:\Users\ALDO\Downloads\MEGA\PES 17 City Ground\PES 17 City Ground\ENG - City Ground\common\bg\model\bg\bill\p_engfacup\notts_fa_cup\bill_df.xml'
2026-05-30 20:07:57,941 - INFO - Skipping, same file found: 'C:\Users\ALDO\Downloads\MEGA\PES 17 City Ground\PES 17 City Ground\ENG - City Ground\common\bg\model\bg\bill\p_engfacup\notts_fa_cup\bill_dr.xml'
2026-05-30 20:07:57,944 - INFO - Skipping, same file found: 'C:\Users\ALDO\Downloads\MEGA\PES 17 City Ground\PES 17 City Ground\ENG - City Ground\common\bg\model\bg\bill\p_engfacup\notts_fa_cup\bill_nf.xml'
2026-05-30 20:07:57,947 - INFO - Skipping, same file found: 'C:\Users\ALDO\Downloads\MEGA\PES 17 City Ground\PES 17 City Ground\ENG - City Ground\common\bg\model\bg\bill\p_engfacup\notts_fa_cup\bill_nr.xml'
2026-05-30 20:07:57,961 - INFO - Skipping, same file found: 'C:\Users\ALDO\Downloads\MEGA\PES 17 City Ground\PES 17 City Ground\ENG - City Ground\common\bg\model\bg\bill\p_engfacup\notts_fa_cup\model\bill_movie_back1_bill_10_body.model'
2026-05-30 20:07:57,971 - INFO - Skipping, same file found: 'C:\Users\ALDO\Downloads\MEGA\PES 17 City Ground\PES 17 City Ground\ENG - City Ground\common\bg\model\bg\bill\p_engfacup\notts_fa_cup\model\bill_movie_back1_bill_10_face.model'
2026-05-30 20:07:57,985 - INFO - Skipping, same file found: 'C:\Users\ALDO\Downloads\MEGA\PES 17 City Ground\PES 17 City Ground\ENG - City Ground\common\bg\model\bg\bill\p_engfacup\notts_fa_cup\model\bill_movie_left1_bill_10_body.model'
2026-05-30 20:07:57,995 - INFO - Skipping, same file found: 'C:\Users\ALDO\Downloads\MEGA\PES 17 City Ground\PES 17 City Ground\ENG - City Ground\common\bg\model\bg\bill\p_engfacup\notts_fa_cup\model\bill_movie_left1_bill_10_face.model'
2026-05-30 20:07:58,009 - INFO - Skipping, same file found: 'C:\Users\ALDO\Downloads\MEGA\PES 17 City Ground\PES 17 City Ground\ENG - City Ground\common\bg\model\bg\bill\p_engfacup\notts_fa_cup\model\bill_movie_right1_bill_10_body.model'
2026-05-30 20:07:58,017 - INFO - Skipping, same file found: 'C:\Users\ALDO\Downloads\MEGA\PES 17 City Ground\PES 17 City Ground\ENG - City Ground\common\bg\model\bg\bill\p_engfacup\notts_fa_cup\model\bill_movie_right1_bill_10_face.model'
2026-05-30 20:07:58,033 - INFO - Skipping, same file found: 'C:\Users\ALDO\Downloads\MEGA\PES 17 City Ground\PES 17 City Ground\ENG - City Ground\common\bg\model\bg\bill\p_engfacup\notts_fa_cup\texture\common\bill_body.dds'
2026-05-30 20:07:58,042 - INFO - Skipping, same file found: 'C:\Users\ALDO\Downloads\MEGA\PES 17 City Ground\PES 17 City Ground\ENG - City Ground\common\bg\model\bg\bill\p_engfacup\notts_fa_cup\texture\common\bill_wrap_00.dds'
2026-05-30 20:07:58,043 - INFO - File moved: 'C:\Users\ALDO\Downloads\MEGA\PES 17 City Ground\PES 17 City Ground\ENG - City Ground\common\bg\model\bg\bill\p_engnottsforest\p_engnottsforest_df.xml' --> 'C:\Users\ALDO\Downloads\Código\p_engnottsforest_df.xml'
2026-05-30 20:07:58,043 - INFO - File moved: 'C:\Users\ALDO\Downloads\MEGA\PES 17 City Ground\PES 17 City Ground\ENG - City Ground\common\bg\model\bg\bill\p_engnottsforest\p_engnottsforest_dr.xml' --> 'C:\Users\ALDO\Downloads\Código\p_engnottsforest_dr.xml'
2026-05-30 20:07:58,044 - INFO - File moved: 'C:\Users\ALDO\Downloads\MEGA\PES 17 City Ground\PES 17 City Ground\ENG - City Ground\common\bg\model\bg\bill\p_engnottsforest\p_engnottsforest_nf.xml' --> 'C:\Users\ALDO\Downloads\Código\p_engnottsforest_nf.xml'
2026-05-30 20:07:58,045 - INFO - File moved: 'C:\Users\ALDO\Downloads\MEGA\PES 17 City Ground\PES 17 City Ground\ENG - City Ground\common\bg\model\bg\bill\p_engnottsforest\p_engnottsforest_nr.xml' --> 'C:\Users\ALDO\Downloads\Código\p_engnottsforest_nr.xml'
2026-05-30 20:07:58,047 - INFO - Skipping, same file found: 'C:\Users\ALDO\Downloads\MEGA\PES 17 City Ground\PES 17 City Ground\ENG - City Ground\common\bg\model\bg\bill\p_engnottsforest\notts\bill_df.mtl'
2026-05-30 20:07:58,049 - INFO - Skipping, same file found: 'C:\Users\ALDO\Downloads\MEGA\PES 17 City Ground\PES 17 City Ground\ENG - City Ground\common\bg\model\bg\bill\p_engnottsforest\notts\bill_df.xml'
2026-05-30 20:07:58,051 - INFO - Skipping, same file found: 'C:\Users\ALDO\Downloads\MEGA\PES 17 City Ground\PES 17 City Ground\ENG - City Ground\common\bg\model\bg\bill\p_engnottsforest\notts\bill_dr.xml'
2026-05-30 20:07:58,052 - INFO - Skipping, same file found: 'C:\Users\ALDO\Downloads\MEGA\PES 17 City Ground\PES 17 City Ground\ENG - City Ground\common\bg\model\bg\bill\p_engnottsforest\notts\bill_nf.xml'
2026-05-30 20:07:58,055 - INFO - Skipping, same file found: 'C:\Users\ALDO\Downloads\MEGA\PES 17 City Ground\PES 17 City Ground\ENG - City Ground\common\bg\model\bg\bill\p_engnottsforest\notts\bill_nr.xml'
2026-05-30 20:07:58,063 - INFO - Skipping, same file found: 'C:\Users\ALDO\Downloads\MEGA\PES 17 City Ground\PES 17 City Ground\ENG - City Ground\common\bg\model\bg\bill\p_engnottsforest\notts\model\bill_movie_back1_bill_10_body.model'
2026-05-30 20:07:58,065 - INFO - Skipping, same file found: 'C:\Users\ALDO\Downloads\MEGA\PES 17 City Ground\PES 17 City Ground\ENG - City Ground\common\bg\model\bg\bill\p_engnottsforest\notts\model\bill_movie_back1_bill_10_face.model'
2026-05-30 20:07:58,072 - INFO - Skipping, same file found: 'C:\Users\ALDO\Downloads\MEGA\PES 17 City Ground\PES 17 City Ground\ENG - City Ground\common\bg\model\bg\bill\p_engnottsforest\notts\model\bill_movie_left1_bill_10_body.model'
2026-05-30 20:07:58,076 - INFO - Skipping, same file found: 'C:\Users\ALDO\Downloads\MEGA\PES 17 City Ground\PES 17 City Ground\ENG - City Ground\common\bg\model\bg\bill\p_engnottsforest\notts\model\bill_movie_left1_bill_10_face.model'
2026-05-30 20:07:58,082 - INFO - Skipping, same file found: 'C:\Users\ALDO\Downloads\MEGA\PES 17 City Ground\PES 17 City Ground\ENG - City Ground\common\bg\model\bg\bill\p_engnottsforest\notts\model\bill_movie_right1_bill_10_body.model'
2026-05-30 20:07:58,085 - INFO - Skipping, same file found: 'C:\Users\ALDO\Downloads\MEGA\PES 17 City Ground\PES 17 City Ground\ENG - City Ground\common\bg\model\bg\bill\p_engnottsforest\notts\model\bill_movie_right1_bill_10_face.model'
2026-05-30 20:07:58,094 - INFO - Skipping, same file found: 'C:\Users\ALDO\Downloads\MEGA\PES 17 City Ground\PES 17 City Ground\ENG - City Ground\common\bg\model\bg\bill\p_engnottsforest\notts\texture\common\bill_body.dds'
2026-05-30 20:07:58,096 - INFO - Skipping, same file found: 'C:\Users\ALDO\Downloads\MEGA\PES 17 City Ground\PES 17 City Ground\ENG - City Ground\common\bg\model\bg\bill\p_engnottsforest\notts\texture\common\bill_wrap_00.dds'
2026-05-30 20:07:58,097 - INFO - File moved: 'C:\Users\ALDO\Downloads\MEGA\PES 17 City Ground\PES 17 City Ground\ENG - City Ground\common\bg\model\bg\bill\p_engnottsforestprem\p_engnottsforestprem_df.xml' --> 'C:\Users\ALDO\Downloads\Código\p_engnottsforestprem_df.xml'
2026-05-30 20:07:58,097 - INFO - File moved: 'C:\Users\ALDO\Downloads\MEGA\PES 17 City Ground\PES 17 City Ground\ENG - City Ground\common\bg\model\bg\bill\p_engnottsforestprem\p_engnottsforestprem_dr.xml' --> 'C:\Users\ALDO\Downloads\Código\p_engnottsforestprem_dr.xml'
2026-05-30 20:07:58,098 - INFO - File moved: 'C:\Users\ALDO\Downloads\MEGA\PES 17 City Ground\PES 17 City Ground\ENG - City Ground\common\bg\model\bg\bill\p_engnottsforestprem\p_engnottsforestprem_nf.xml' --> 'C:\Users\ALDO\Downloads\Código\p_engnottsforestprem_nf.xml'
2026-05-30 20:07:58,099 - INFO - File moved: 'C:\Users\ALDO\Downloads\MEGA\PES 17 City Ground\PES 17 City Ground\ENG - City Ground\common\bg\model\bg\bill\p_engnottsforestprem\p_engnottsforestprem_nr.xml' --> 'C:\Users\ALDO\Downloads\Código\p_engnottsforestprem_nr.xml'
2026-05-30 20:07:58,101 - INFO - Skipping, same file found: 'C:\Users\ALDO\Downloads\MEGA\PES 17 City Ground\PES 17 City Ground\ENG - City Ground\common\bg\model\bg\bill\p_engnottsforestprem\notts\bill_df.mtl'
2026-05-30 20:07:58,103 - INFO - Skipping, same file found: 'C:\Users\ALDO\Downloads\MEGA\PES 17 City Ground\PES 17 City Ground\ENG - City Ground\common\bg\model\bg\bill\p_engnottsforestprem\notts\bill_df.xml'
2026-05-30 20:07:58,105 - INFO - Skipping, same file found: 'C:\Users\ALDO\Downloads\MEGA\PES 17 City Ground\PES 17 City Ground\ENG - City Ground\common\bg\model\bg\bill\p_engnottsforestprem\notts\bill_dr.xml'
2026-05-30 20:07:58,108 - INFO - Skipping, same file found: 'C:\Users\ALDO\Downloads\MEGA\PES 17 City Ground\PES 17 City Ground\ENG - City Ground\common\bg\model\bg\bill\p_engnottsforestprem\notts\bill_nf.xml'
2026-05-30 20:07:58,110 - INFO - Skipping, same file found: 'C:\Users\ALDO\Downloads\MEGA\PES 17 City Ground\PES 17 City Ground\ENG - City Ground\common\bg\model\bg\bill\p_engnottsforestprem\notts\bill_nr.xml'
2026-05-30 20:07:58,118 - INFO - Skipping, same file found: 'C:\Users\ALDO\Downloads\MEGA\PES 17 City Ground\PES 17 City Ground\ENG - City Ground\common\bg\model\bg\bill\p_engnottsforestprem\notts\model\bill_movie_back1_bill_10_body.model'
2026-05-30 20:07:58,120 - INFO - Skipping, same file found: 'C:\Users\ALDO\Downloads\MEGA\PES 17 City Ground\PES 17 City Ground\ENG - City Ground\common\bg\model\bg\bill\p_engnottsforestprem\notts\model\bill_movie_back1_bill_10_face.model'
2026-05-30 20:07:58,128 - INFO - Skipping, same file found: 'C:\Users\ALDO\Downloads\MEGA\PES 17 City Ground\PES 17 City Ground\ENG - City Ground\common\bg\model\bg\bill\p_engnottsforestprem\notts\model\bill_movie_left1_bill_10_body.model'
2026-05-30 20:07:58,130 - INFO - Skipping, same file found: 'C:\Users\ALDO\Downloads\MEGA\PES 17 City Ground\PES 17 City Ground\ENG - City Ground\common\bg\model\bg\bill\p_engnottsforestprem\notts\model\bill_movie_left1_bill_10_face.model'
2026-05-30 20:07:58,137 - INFO - Skipping, same file found: 'C:\Users\ALDO\Downloads\MEGA\PES 17 City Ground\PES 17 City Ground\ENG - City Ground\common\bg\model\bg\bill\p_engnottsforestprem\notts\model\bill_movie_right1_bill_10_body.model'
2026-05-30 20:07:58,140 - INFO - Skipping, same file found: 'C:\Users\ALDO\Downloads\MEGA\PES 17 City Ground\PES 17 City Ground\ENG - City Ground\common\bg\model\bg\bill\p_engnottsforestprem\notts\model\bill_movie_right1_bill_10_face.model'
2026-05-30 20:07:58,149 - INFO - Skipping, same file found: 'C:\Users\ALDO\Downloads\MEGA\PES 17 City Ground\PES 17 City Ground\ENG - City Ground\common\bg\model\bg\bill\p_engnottsforestprem\notts\texture\common\bill_body.dds'
2026-05-30 20:07:58,151 - INFO - Skipping, same file found: 'C:\Users\ALDO\Downloads\MEGA\PES 17 City Ground\PES 17 City Ground\ENG - City Ground\common\bg\model\bg\bill\p_engnottsforestprem\notts\texture\common\bill_wrap_00.dds'
2026-05-30 20:07:58,151 - INFO - File moved: 'C:\Users\ALDO\Downloads\MEGA\PES 17 City Ground\PES 17 City Ground\ENG - City Ground\common\bg\model\bg\bill\p_uefachampions\bill_anime.json' --> 'C:\Users\ALDO\Downloads\Código\bill_anime.json'
2026-05-30 20:07:58,152 - INFO - File moved: 'C:\Users\ALDO\Downloads\MEGA\PES 17 City Ground\PES 17 City Ground\ENG - City Ground\common\bg\model\bg\bill\p_uefachampions\bill_texlist.xml' --> 'C:\Users\ALDO\Downloads\Código\bill_texlist.xml'
2026-05-30 20:07:58,153 - INFO - File moved: 'C:\Users\ALDO\Downloads\MEGA\PES 17 City Ground\PES 17 City Ground\ENG - City Ground\common\bg\model\bg\bill\p_uefachampions\p_uefachampions_df.xml' --> 'C:\Users\ALDO\Downloads\Código\p_uefachampions_df.xml'
2026-05-30 20:07:58,154 - INFO - File moved: 'C:\Users\ALDO\Downloads\MEGA\PES 17 City Ground\PES 17 City Ground\ENG - City Ground\common\bg\model\bg\bill\p_uefachampions\p_uefachampions_dr.xml' --> 'C:\Users\ALDO\Downloads\Código\p_uefachampions_dr.xml'
2026-05-30 20:07:58,155 - INFO - File moved: 'C:\Users\ALDO\Downloads\MEGA\PES 17 City Ground\PES 17 City Ground\ENG - City Ground\common\bg\model\bg\bill\p_uefachampions\p_uefachampions_nf.xml' --> 'C:\Users\ALDO\Downloads\Código\p_uefachampions_nf.xml'
2026-05-30 20:07:58,156 - INFO - File moved: 'C:\Users\ALDO\Downloads\MEGA\PES 17 City Ground\PES 17 City Ground\ENG - City Ground\common\bg\model\bg\bill\p_uefachampions\p_uefachampions_nr.xml' --> 'C:\Users\ALDO\Downloads\Código\p_uefachampions_nr.xml'
2026-05-30 20:07:58,754 - INFO - File renamed into: 'C:\Users\ALDO\Downloads\Otros\bill_df (1).mtl'
2026-05-30 20:07:58,754 - INFO - File moved: 'C:\Users\ALDO\Downloads\MEGA\PES 17 City Ground\PES 17 City Ground\ENG - City Ground\common\bg\model\bg\bill\p_uefachampions\notts_ucl\bill_df.mtl' --> 'C:\Users\ALDO\Downloads\Otros\bill_df (1).mtl'
2026-05-30 20:07:59,517 - INFO - File renamed into: 'C:\Users\ALDO\Downloads\Código\bill_df (1).xml'
2026-05-30 20:07:59,518 - INFO - File moved: 'C:\Users\ALDO\Downloads\MEGA\PES 17 City Ground\PES 17 City Ground\ENG - City Ground\common\bg\model\bg\bill\p_uefachampions\notts_ucl\bill_df.xml' --> 'C:\Users\ALDO\Downloads\Código\bill_df (1).xml'
2026-05-30 20:07:59,963 - INFO - File renamed into: 'C:\Users\ALDO\Downloads\Código\bill_dr (1).xml'
2026-05-30 20:07:59,964 - INFO - File moved: 'C:\Users\ALDO\Downloads\MEGA\PES 17 City Ground\PES 17 City Ground\ENG - City Ground\common\bg\model\bg\bill\p_uefachampions\notts_ucl\bill_dr.xml' --> 'C:\Users\ALDO\Downloads\Código\bill_dr (1).xml'
2026-05-30 20:08:00,404 - INFO - File renamed into: 'C:\Users\ALDO\Downloads\Código\bill_nf (1).xml'
2026-05-30 20:08:00,404 - INFO - File moved: 'C:\Users\ALDO\Downloads\MEGA\PES 17 City Ground\PES 17 City Ground\ENG - City Ground\common\bg\model\bg\bill\p_uefachampions\notts_ucl\bill_nf.xml' --> 'C:\Users\ALDO\Downloads\Código\bill_nf (1).xml'
2026-05-30 20:08:00,805 - INFO - File renamed into: 'C:\Users\ALDO\Downloads\Código\bill_nr (1).xml'
2026-05-30 20:08:00,806 - INFO - File moved: 'C:\Users\ALDO\Downloads\MEGA\PES 17 City Ground\PES 17 City Ground\ENG - City Ground\common\bg\model\bg\bill\p_uefachampions\notts_ucl\bill_nr.xml' --> 'C:\Users\ALDO\Downloads\Código\bill_nr (1).xml'
2026-05-30 20:08:00,834 - INFO - File moved: 'C:\Users\ALDO\Downloads\MEGA\PES 17 City Ground\PES 17 City Ground\ENG - City Ground\common\bg\model\bg\bill\p_uefachampions\notts_ucl\model\bill_led_back1_bill_10_face.model' --> 'C:\Users\ALDO\Downloads\Otros\bill_led_back1_bill_10_face.model'
2026-05-30 20:08:00,836 - INFO - File moved: 'C:\Users\ALDO\Downloads\MEGA\PES 17 City Ground\PES 17 City Ground\ENG - City Ground\common\bg\model\bg\bill\p_uefachampions\notts_ucl\model\bill_led_back1_bill_11_face.model' --> 'C:\Users\ALDO\Downloads\Otros\bill_led_back1_bill_11_face.model'
2026-05-30 20:08:00,848 - INFO - Skipping, same file found: 'C:\Users\ALDO\Downloads\MEGA\PES 17 City Ground\PES 17 City Ground\ENG - City Ground\common\bg\model\bg\bill\p_uefachampions\notts_ucl\model\bill_movie_back1_bill_10_body.model'
2026-05-30 20:08:01,238 - INFO - File renamed into: 'C:\Users\ALDO\Downloads\Otros\bill_movie_back1_bill_10_face (1).model'
2026-05-30 20:08:01,239 - INFO - File moved: 'C:\Users\ALDO\Downloads\MEGA\PES 17 City Ground\PES 17 City Ground\ENG - City Ground\common\bg\model\bg\bill\p_uefachampions\notts_ucl\model\bill_movie_back1_bill_10_face.model' --> 'C:\Users\ALDO\Downloads\Otros\bill_movie_back1_bill_10_face (1).model'
2026-05-30 20:08:01,323 - INFO - Skipping, same file found: 'C:\Users\ALDO\Downloads\MEGA\PES 17 City Ground\PES 17 City Ground\ENG - City Ground\common\bg\model\bg\bill\p_uefachampions\notts_ucl\model\bill_movie_left1_bill_10_body.model'
2026-05-30 20:08:01,325 - INFO - Skipping, same file found: 'C:\Users\ALDO\Downloads\MEGA\PES 17 City Ground\PES 17 City Ground\ENG - City Ground\common\bg\model\bg\bill\p_uefachampions\notts_ucl\model\bill_movie_left1_bill_10_face.model'
2026-05-30 20:08:01,333 - INFO - Skipping, same file found: 'C:\Users\ALDO\Downloads\MEGA\PES 17 City Ground\PES 17 City Ground\ENG - City Ground\common\bg\model\bg\bill\p_uefachampions\notts_ucl\model\bill_movie_right1_bill_10_body.model'
2026-05-30 20:08:01,335 - INFO - Skipping, same file found: 'C:\Users\ALDO\Downloads\MEGA\PES 17 City Ground\PES 17 City Ground\ENG - City Ground\common\bg\model\bg\bill\p_uefachampions\notts_ucl\model\bill_movie_right1_bill_10_face.model'
2026-05-30 20:08:01,344 - INFO - Skipping, same file found: 'C:\Users\ALDO\Downloads\MEGA\PES 17 City Ground\PES 17 City Ground\ENG - City Ground\common\bg\model\bg\bill\p_uefachampions\notts_ucl\texture\common\bill_body.dds'
2026-05-30 20:08:01,346 - INFO - Skipping, same file found: 'C:\Users\ALDO\Downloads\MEGA\PES 17 City Ground\PES 17 City Ground\ENG - City Ground\common\bg\model\bg\bill\p_uefachampions\notts_ucl\texture\common\bill_wrap_00.dds'
2026-05-30 20:08:01,347 - INFO - File moved: 'C:\Users\ALDO\Downloads\MEGA\PES 17 City Ground\PES 17 City Ground\ENG - City Ground\common\bg\model\bg\bill\p_uefachampions\texture\bill_face_ucl_10_00.dds' --> 'C:\Users\ALDO\Downloads\Otros\bill_face_ucl_10_00.dds'
2026-05-30 20:08:01,348 - INFO - File moved: 'C:\Users\ALDO\Downloads\MEGA\PES 17 City Ground\PES 17 City Ground\ENG - City Ground\common\bg\model\bg\bill\p_uefachampions\texture\bill_face_ucl_11_01.dds' --> 'C:\Users\ALDO\Downloads\Otros\bill_face_ucl_11_01.dds'
2026-05-30 20:08:01,349 - INFO - File moved: 'C:\Users\ALDO\Downloads\MEGA\PES 17 City Ground\PES 17 City Ground\ENG - City Ground\common\bg\model\bg\bill\p_uefachampions\texture\bill_face_ucl_11_02.dds' --> 'C:\Users\ALDO\Downloads\Otros\bill_face_ucl_11_02.dds'
2026-05-30 20:08:01,390 - INFO - Skipping, same file found: 'C:\Users\ALDO\Downloads\MEGA\PES 17 City Ground\PES 17 City Ground\ENG - City Ground\common\bg\model\bg\bill\p_uefaeuropa\bill_anime.json'
2026-05-30 20:08:01,942 - INFO - File renamed into: 'C:\Users\ALDO\Downloads\Código\bill_texlist (1).xml'
2026-05-30 20:08:01,942 - INFO - File moved: 'C:\Users\ALDO\Downloads\MEGA\PES 17 City Ground\PES 17 City Ground\ENG - City Ground\common\bg\model\bg\bill\p_uefaeuropa\bill_texlist.xml' --> 'C:\Users\ALDO\Downloads\Código\bill_texlist (1).xml'
2026-05-30 20:08:01,944 - INFO - File moved: 'C:\Users\ALDO\Downloads\MEGA\PES 17 City Ground\PES 17 City Ground\ENG - City Ground\common\bg\model\bg\bill\p_uefaeuropa\p_uefaeuropa_df.xml' --> 'C:\Users\ALDO\Downloads\Código\p_uefaeuropa_df.xml'
2026-05-30 20:08:01,945 - INFO - File moved: 'C:\Users\ALDO\Downloads\MEGA\PES 17 City Ground\PES 17 City Ground\ENG - City Ground\common\bg\model\bg\bill\p_uefaeuropa\p_uefaeuropa_dr.xml' --> 'C:\Users\ALDO\Downloads\Código\p_uefaeuropa_dr.xml'
2026-05-30 20:08:01,945 - INFO - File moved: 'C:\Users\ALDO\Downloads\MEGA\PES 17 City Ground\PES 17 City Ground\ENG - City Ground\common\bg\model\bg\bill\p_uefaeuropa\p_uefaeuropa_nf.xml' --> 'C:\Users\ALDO\Downloads\Código\p_uefaeuropa_nf.xml'
2026-05-30 20:08:01,946 - INFO - File moved: 'C:\Users\ALDO\Downloads\MEGA\PES 17 City Ground\PES 17 City Ground\ENG - City Ground\common\bg\model\bg\bill\p_uefaeuropa\p_uefaeuropa_nr.xml' --> 'C:\Users\ALDO\Downloads\Código\p_uefaeuropa_nr.xml'
2026-05-30 20:08:03,842 - INFO - File renamed into: 'C:\Users\ALDO\Downloads\Otros\bill_df (1).mtl'
2026-05-30 20:08:03,842 - INFO - File renamed into: 'C:\Users\ALDO\Downloads\Otros\bill_df (2).mtl'
2026-05-30 20:08:03,843 - INFO - File moved: 'C:\Users\ALDO\Downloads\MEGA\PES 17 City Ground\PES 17 City Ground\ENG - City Ground\common\bg\model\bg\bill\p_uefaeuropa\notts_uel\bill_df.mtl' --> 'C:\Users\ALDO\Downloads\Otros\bill_df (2).mtl'
2026-05-30 20:08:04,434 - INFO - File renamed into: 'C:\Users\ALDO\Downloads\Código\bill_df (1).xml'
2026-05-30 20:08:04,434 - INFO - File renamed into: 'C:\Users\ALDO\Downloads\Código\bill_df (2).xml'
2026-05-30 20:08:04,435 - INFO - File moved: 'C:\Users\ALDO\Downloads\MEGA\PES 17 City Ground\PES 17 City Ground\ENG - City Ground\common\bg\model\bg\bill\p_uefaeuropa\notts_uel\bill_df.xml' --> 'C:\Users\ALDO\Downloads\Código\bill_df (2).xml'
2026-05-30 20:08:04,849 - INFO - File renamed into: 'C:\Users\ALDO\Downloads\Código\bill_dr (1).xml'
2026-05-30 20:08:04,849 - INFO - File renamed into: 'C:\Users\ALDO\Downloads\Código\bill_dr (2).xml'
2026-05-30 20:08:04,850 - INFO - File moved: 'C:\Users\ALDO\Downloads\MEGA\PES 17 City Ground\PES 17 City Ground\ENG - City Ground\common\bg\model\bg\bill\p_uefaeuropa\notts_uel\bill_dr.xml' --> 'C:\Users\ALDO\Downloads\Código\bill_dr (2).xml'
2026-05-30 20:08:05,275 - INFO - File renamed into: 'C:\Users\ALDO\Downloads\Código\bill_nf (1).xml'
2026-05-30 20:08:05,275 - INFO - File renamed into: 'C:\Users\ALDO\Downloads\Código\bill_nf (2).xml'
2026-05-30 20:08:05,276 - INFO - File moved: 'C:\Users\ALDO\Downloads\MEGA\PES 17 City Ground\PES 17 City Ground\ENG - City Ground\common\bg\model\bg\bill\p_uefaeuropa\notts_uel\bill_nf.xml' --> 'C:\Users\ALDO\Downloads\Código\bill_nf (2).xml'
2026-05-30 20:08:05,824 - INFO - File renamed into: 'C:\Users\ALDO\Downloads\Código\bill_nr (1).xml'
2026-05-30 20:08:05,824 - INFO - File renamed into: 'C:\Users\ALDO\Downloads\Código\bill_nr (2).xml'
2026-05-30 20:08:05,845 - INFO - File moved: 'C:\Users\ALDO\Downloads\MEGA\PES 17 City Ground\PES 17 City Ground\ENG - City Ground\common\bg\model\bg\bill\p_uefaeuropa\notts_uel\bill_nr.xml' --> 'C:\Users\ALDO\Downloads\Código\bill_nr (2).xml'
2026-05-30 20:08:05,858 - INFO - Skipping, same file found: 'C:\Users\ALDO\Downloads\MEGA\PES 17 City Ground\PES 17 City Ground\ENG - City Ground\common\bg\model\bg\bill\p_uefaeuropa\notts_uel\model\bill_led_back1_bill_10_face.model'
2026-05-30 20:08:05,868 - INFO - Skipping, same file found: 'C:\Users\ALDO\Downloads\MEGA\PES 17 City Ground\PES 17 City Ground\ENG - City Ground\common\bg\model\bg\bill\p_uefaeuropa\notts_uel\model\bill_led_back1_bill_11_face.model'
2026-05-30 20:08:05,878 - INFO - Skipping, same file found: 'C:\Users\ALDO\Downloads\MEGA\PES 17 City Ground\PES 17 City Ground\ENG - City Ground\common\bg\model\bg\bill\p_uefaeuropa\notts_uel\model\bill_movie_back1_bill_10_body.model'
2026-05-30 20:08:06,403 - INFO - File renamed into: 'C:\Users\ALDO\Downloads\Otros\bill_movie_back1_bill_10_face (1).model'
2026-05-30 20:08:06,403 - INFO - File renamed into: 'C:\Users\ALDO\Downloads\Otros\bill_movie_back1_bill_10_face (2).model'
2026-05-30 20:08:06,404 - INFO - File moved: 'C:\Users\ALDO\Downloads\MEGA\PES 17 City Ground\PES 17 City Ground\ENG - City Ground\common\bg\model\bg\bill\p_uefaeuropa\notts_uel\model\bill_movie_back1_bill_10_face.model' --> 'C:\Users\ALDO\Downloads\Otros\bill_movie_back1_bill_10_face (2).model'
2026-05-30 20:08:06,465 - INFO - Skipping, same file found: 'C:\Users\ALDO\Downloads\MEGA\PES 17 City Ground\PES 17 City Ground\ENG - City Ground\common\bg\model\bg\bill\p_uefaeuropa\notts_uel\model\bill_movie_left1_bill_10_body.model'
2026-05-30 20:08:06,468 - INFO - Skipping, same file found: 'C:\Users\ALDO\Downloads\MEGA\PES 17 City Ground\PES 17 City Ground\ENG - City Ground\common\bg\model\bg\bill\p_uefaeuropa\notts_uel\model\bill_movie_left1_bill_10_face.model'
2026-05-30 20:08:06,475 - INFO - Skipping, same file found: 'C:\Users\ALDO\Downloads\MEGA\PES 17 City Ground\PES 17 City Ground\ENG - City Ground\common\bg\model\bg\bill\p_uefaeuropa\notts_uel\model\bill_movie_right1_bill_10_body.model'
2026-05-30 20:08:06,477 - INFO - Skipping, same file found: 'C:\Users\ALDO\Downloads\MEGA\PES 17 City Ground\PES 17 City Ground\ENG - City Ground\common\bg\model\bg\bill\p_uefaeuropa\notts_uel\model\bill_movie_right1_bill_10_face.model'
2026-05-30 20:08:06,486 - INFO - Skipping, same file found: 'C:\Users\ALDO\Downloads\MEGA\PES 17 City Ground\PES 17 City Ground\ENG - City Ground\common\bg\model\bg\bill\p_uefaeuropa\notts_uel\texture\common\bill_body.dds'
2026-05-30 20:08:06,488 - INFO - Skipping, same file found: 'C:\Users\ALDO\Downloads\MEGA\PES 17 City Ground\PES 17 City Ground\ENG - City Ground\common\bg\model\bg\bill\p_uefaeuropa\notts_uel\texture\common\bill_wrap_00.dds'
2026-05-30 20:08:06,995 - INFO - File renamed into: 'C:\Users\ALDO\Downloads\Otros\bill_face_ucl_10_00 (1).dds'
2026-05-30 20:08:06,996 - INFO - File moved: 'C:\Users\ALDO\Downloads\MEGA\PES 17 City Ground\PES 17 City Ground\ENG - City Ground\common\bg\model\bg\bill\p_uefaeuropa\texture\bill_face_ucl_10_00.dds' --> 'C:\Users\ALDO\Downloads\Otros\bill_face_ucl_10_00 (1).dds'
2026-05-30 20:08:07,501 - INFO - File renamed into: 'C:\Users\ALDO\Downloads\Otros\bill_face_ucl_11_01 (1).dds'
2026-05-30 20:08:07,501 - INFO - File moved: 'C:\Users\ALDO\Downloads\MEGA\PES 17 City Ground\PES 17 City Ground\ENG - City Ground\common\bg\model\bg\bill\p_uefaeuropa\texture\bill_face_ucl_11_01.dds' --> 'C:\Users\ALDO\Downloads\Otros\bill_face_ucl_11_01 (1).dds'
2026-05-30 20:08:07,938 - INFO - File renamed into: 'C:\Users\ALDO\Downloads\Otros\bill_face_ucl_11_02 (1).dds'
2026-05-30 20:08:07,939 - INFO - File moved: 'C:\Users\ALDO\Downloads\MEGA\PES 17 City Ground\PES 17 City Ground\ENG - City Ground\common\bg\model\bg\bill\p_uefaeuropa\texture\bill_face_ucl_11_02.dds' --> 'C:\Users\ALDO\Downloads\Otros\bill_face_ucl_11_02 (1).dds'
2026-05-30 20:08:07,940 - INFO - File moved: 'C:\Users\ALDO\Downloads\MEGA\PES 17 City Ground\PES 17 City Ground\ENG - City Ground\common\bg\model\bg\cheer\st191\cheer_df.mtl' --> 'C:\Users\ALDO\Downloads\Otros\cheer_df.mtl'
2026-05-30 20:08:07,941 - INFO - File moved: 'C:\Users\ALDO\Downloads\MEGA\PES 17 City Ground\PES 17 City Ground\ENG - City Ground\common\bg\model\bg\cheer\st191\cheer_dr.mtl' --> 'C:\Users\ALDO\Downloads\Otros\cheer_dr.mtl'
2026-05-30 20:08:07,942 - INFO - File moved: 'C:\Users\ALDO\Downloads\MEGA\PES 17 City Ground\PES 17 City Ground\ENG - City Ground\common\bg\model\bg\cheer\st191\cheer_h_a1_rate50_df.xml' --> 'C:\Users\ALDO\Downloads\Código\cheer_h_a1_rate50_df.xml'
2026-05-30 20:08:07,943 - INFO - File moved: 'C:\Users\ALDO\Downloads\MEGA\PES 17 City Ground\PES 17 City Ground\ENG - City Ground\common\bg\model\bg\cheer\st191\cheer_h_a1_rate50_dr.xml' --> 'C:\Users\ALDO\Downloads\Código\cheer_h_a1_rate50_dr.xml'
2026-05-30 20:08:07,944 - INFO - File moved: 'C:\Users\ALDO\Downloads\MEGA\PES 17 City Ground\PES 17 City Ground\ENG - City Ground\common\bg\model\bg\cheer\st191\cheer_h_a1_rate50_nf.xml' --> 'C:\Users\ALDO\Downloads\Código\cheer_h_a1_rate50_nf.xml'
2026-05-30 20:08:07,945 - INFO - File moved: 'C:\Users\ALDO\Downloads\MEGA\PES 17 City Ground\PES 17 City Ground\ENG - City Ground\common\bg\model\bg\cheer\st191\cheer_h_a1_rate50_nr.xml' --> 'C:\Users\ALDO\Downloads\Código\cheer_h_a1_rate50_nr.xml'
2026-05-30 20:08:07,946 - INFO - File moved: 'C:\Users\ALDO\Downloads\MEGA\PES 17 City Ground\PES 17 City Ground\ENG - City Ground\common\bg\model\bg\cheer\st191\cheer_h_a1_rate80_df.xml' --> 'C:\Users\ALDO\Downloads\Código\cheer_h_a1_rate80_df.xml'
2026-05-30 20:08:07,947 - INFO - File moved: 'C:\Users\ALDO\Downloads\MEGA\PES 17 City Ground\PES 17 City Ground\ENG - City Ground\common\bg\model\bg\cheer\st191\cheer_h_a1_rate80_dr.xml' --> 'C:\Users\ALDO\Downloads\Código\cheer_h_a1_rate80_dr.xml'
2026-05-30 20:08:07,948 - INFO - File moved: 'C:\Users\ALDO\Downloads\MEGA\PES 17 City Ground\PES 17 City Ground\ENG - City Ground\common\bg\model\bg\cheer\st191\cheer_h_a1_rate80_nf.xml' --> 'C:\Users\ALDO\Downloads\Código\cheer_h_a1_rate80_nf.xml'
2026-05-30 20:08:07,949 - INFO - File moved: 'C:\Users\ALDO\Downloads\MEGA\PES 17 City Ground\PES 17 City Ground\ENG - City Ground\common\bg\model\bg\cheer\st191\cheer_h_a1_rate80_nr.xml' --> 'C:\Users\ALDO\Downloads\Código\cheer_h_a1_rate80_nr.xml'
2026-05-30 20:08:07,950 - INFO - File moved: 'C:\Users\ALDO\Downloads\MEGA\PES 17 City Ground\PES 17 City Ground\ENG - City Ground\common\bg\model\bg\cheer\st191\cheer_h_a1_rate99_df.xml' --> 'C:\Users\ALDO\Downloads\Código\cheer_h_a1_rate99_df.xml'
2026-05-30 20:08:07,951 - INFO - File moved: 'C:\Users\ALDO\Downloads\MEGA\PES 17 City Ground\PES 17 City Ground\ENG - City Ground\common\bg\model\bg\cheer\st191\cheer_h_a1_rate99_dr.xml' --> 'C:\Users\ALDO\Downloads\Código\cheer_h_a1_rate99_dr.xml'
2026-05-30 20:08:07,953 - INFO - File moved: 'C:\Users\ALDO\Downloads\MEGA\PES 17 City Ground\PES 17 City Ground\ENG - City Ground\common\bg\model\bg\cheer\st191\cheer_h_a1_rate99_nf.xml' --> 'C:\Users\ALDO\Downloads\Código\cheer_h_a1_rate99_nf.xml'
2026-05-30 20:08:07,954 - INFO - File moved: 'C:\Users\ALDO\Downloads\MEGA\PES 17 City Ground\PES 17 City Ground\ENG - City Ground\common\bg\model\bg\cheer\st191\cheer_h_a1_rate99_nr.xml' --> 'C:\Users\ALDO\Downloads\Código\cheer_h_a1_rate99_nr.xml'
2026-05-30 20:08:07,955 - INFO - File moved: 'C:\Users\ALDO\Downloads\MEGA\PES 17 City Ground\PES 17 City Ground\ENG - City Ground\common\bg\model\bg\cheer\st191\cheer_h_a2_rate50_df.xml' --> 'C:\Users\ALDO\Downloads\Código\cheer_h_a2_rate50_df.xml'
2026-05-30 20:08:07,957 - INFO - File moved: 'C:\Users\ALDO\Downloads\MEGA\PES 17 City Ground\PES 17 City Ground\ENG - City Ground\common\bg\model\bg\cheer\st191\cheer_h_a2_rate50_dr.xml' --> 'C:\Users\ALDO\Downloads\Código\cheer_h_a2_rate50_dr.xml'
2026-05-30 20:08:07,958 - INFO - File moved: 'C:\Users\ALDO\Downloads\MEGA\PES 17 City Ground\PES 17 City Ground\ENG - City Ground\common\bg\model\bg\cheer\st191\cheer_h_a2_rate50_nf.xml' --> 'C:\Users\ALDO\Downloads\Código\cheer_h_a2_rate50_nf.xml'
2026-05-30 20:08:07,959 - INFO - File moved: 'C:\Users\ALDO\Downloads\MEGA\PES 17 City Ground\PES 17 City Ground\ENG - City Ground\common\bg\model\bg\cheer\st191\cheer_h_a2_rate50_nr.xml' --> 'C:\Users\ALDO\Downloads\Código\cheer_h_a2_rate50_nr.xml'
2026-05-30 20:08:07,960 - INFO - File moved: 'C:\Users\ALDO\Downloads\MEGA\PES 17 City Ground\PES 17 City Ground\ENG - City Ground\common\bg\model\bg\cheer\st191\cheer_h_a2_rate80_df.xml' --> 'C:\Users\ALDO\Downloads\Código\cheer_h_a2_rate80_df.xml'
2026-05-30 20:08:07,960 - INFO - File moved: 'C:\Users\ALDO\Downloads\MEGA\PES 17 City Ground\PES 17 City Ground\ENG - City Ground\common\bg\model\bg\cheer\st191\cheer_h_a2_rate80_dr.xml' --> 'C:\Users\ALDO\Downloads\Código\cheer_h_a2_rate80_dr.xml'
2026-05-30 20:08:07,961 - INFO - File moved: 'C:\Users\ALDO\Downloads\MEGA\PES 17 City Ground\PES 17 City Ground\ENG - City Ground\common\bg\model\bg\cheer\st191\cheer_h_a2_rate80_nf.xml' --> 'C:\Users\ALDO\Downloads\Código\cheer_h_a2_rate80_nf.xml'
2026-05-30 20:08:07,962 - INFO - File moved: 'C:\Users\ALDO\Downloads\MEGA\PES 17 City Ground\PES 17 City Ground\ENG - City Ground\common\bg\model\bg\cheer\st191\cheer_h_a2_rate80_nr.xml' --> 'C:\Users\ALDO\Downloads\Código\cheer_h_a2_rate80_nr.xml'
2026-05-30 20:08:07,963 - INFO - File moved: 'C:\Users\ALDO\Downloads\MEGA\PES 17 City Ground\PES 17 City Ground\ENG - City Ground\common\bg\model\bg\cheer\st191\cheer_h_a2_rate99_df.xml' --> 'C:\Users\ALDO\Downloads\Código\cheer_h_a2_rate99_df.xml'
2026-05-30 20:08:07,964 - INFO - File moved: 'C:\Users\ALDO\Downloads\MEGA\PES 17 City Ground\PES 17 City Ground\ENG - City Ground\common\bg\model\bg\cheer\st191\cheer_h_a2_rate99_dr.xml' --> 'C:\Users\ALDO\Downloads\Código\cheer_h_a2_rate99_dr.xml'
2026-05-30 20:08:07,965 - INFO - File moved: 'C:\Users\ALDO\Downloads\MEGA\PES 17 City Ground\PES 17 City Ground\ENG - City Ground\common\bg\model\bg\cheer\st191\cheer_h_a2_rate99_nf.xml' --> 'C:\Users\ALDO\Downloads\Código\cheer_h_a2_rate99_nf.xml'
2026-05-30 20:08:07,965 - INFO - File moved: 'C:\Users\ALDO\Downloads\MEGA\PES 17 City Ground\PES 17 City Ground\ENG - City Ground\common\bg\model\bg\cheer\st191\cheer_h_a2_rate99_nr.xml' --> 'C:\Users\ALDO\Downloads\Código\cheer_h_a2_rate99_nr.xml'
2026-05-30 20:08:07,966 - INFO - File moved: 'C:\Users\ALDO\Downloads\MEGA\PES 17 City Ground\PES 17 City Ground\ENG - City Ground\common\bg\model\bg\cheer\st191\cheer_nf.mtl' --> 'C:\Users\ALDO\Downloads\Otros\cheer_nf.mtl'
2026-05-30 20:08:07,967 - INFO - File moved: 'C:\Users\ALDO\Downloads\MEGA\PES 17 City Ground\PES 17 City Ground\ENG - City Ground\common\bg\model\bg\cheer\st191\cheer_nr.mtl' --> 'C:\Users\ALDO\Downloads\Otros\cheer_nr.mtl'
2026-05-30 20:08:07,967 - INFO - File moved: 'C:\Users\ALDO\Downloads\MEGA\PES 17 City Ground\PES 17 City Ground\ENG - City Ground\common\bg\model\bg\effect\locator\st191\locstar_back3_dr.model' --> 'C:\Users\ALDO\Downloads\Otros\locstar_back3_dr.model'
2026-05-30 20:08:07,968 - INFO - File moved: 'C:\Users\ALDO\Downloads\MEGA\PES 17 City Ground\PES 17 City Ground\ENG - City Ground\common\bg\model\bg\effect\locator\st191\locstar_back3_nf.model' --> 'C:\Users\ALDO\Downloads\Otros\locstar_back3_nf.model'
2026-05-30 20:08:07,969 - INFO - File moved: 'C:\Users\ALDO\Downloads\MEGA\PES 17 City Ground\PES 17 City Ground\ENG - City Ground\common\bg\model\bg\effect\locator\st191\locstar_back3_nr.model' --> 'C:\Users\ALDO\Downloads\Otros\locstar_back3_nr.model'
2026-05-30 20:08:07,970 - INFO - File moved: 'C:\Users\ALDO\Downloads\MEGA\PES 17 City Ground\PES 17 City Ground\ENG - City Ground\common\bg\model\bg\effect\locator\st191\locstar_front3_dr.model' --> 'C:\Users\ALDO\Downloads\Otros\locstar_front3_dr.model'
2026-05-30 20:08:07,971 - INFO - File moved: 'C:\Users\ALDO\Downloads\MEGA\PES 17 City Ground\PES 17 City Ground\ENG - City Ground\common\bg\model\bg\effect\locator\st191\locstar_front3_nf.model' --> 'C:\Users\ALDO\Downloads\Otros\locstar_front3_nf.model'
2026-05-30 20:08:07,972 - INFO - File moved: 'C:\Users\ALDO\Downloads\MEGA\PES 17 City Ground\PES 17 City Ground\ENG - City Ground\common\bg\model\bg\effect\locator\st191\locstar_front3_nr.model' --> 'C:\Users\ALDO\Downloads\Otros\locstar_front3_nr.model'
2026-05-30 20:08:07,973 - INFO - File moved: 'C:\Users\ALDO\Downloads\MEGA\PES 17 City Ground\PES 17 City Ground\ENG - City Ground\common\bg\model\bg\effect\locator\st191\locstar_left3_dr.model' --> 'C:\Users\ALDO\Downloads\Otros\locstar_left3_dr.model'
2026-05-30 20:08:07,974 - INFO - File moved: 'C:\Users\ALDO\Downloads\MEGA\PES 17 City Ground\PES 17 City Ground\ENG - City Ground\common\bg\model\bg\effect\locator\st191\locstar_left3_nf.model' --> 'C:\Users\ALDO\Downloads\Otros\locstar_left3_nf.model'
2026-05-30 20:08:07,975 - INFO - File moved: 'C:\Users\ALDO\Downloads\MEGA\PES 17 City Ground\PES 17 City Ground\ENG - City Ground\common\bg\model\bg\effect\locator\st191\locstar_left3_nr.model' --> 'C:\Users\ALDO\Downloads\Otros\locstar_left3_nr.model'
2026-05-30 20:08:07,976 - INFO - File moved: 'C:\Users\ALDO\Downloads\MEGA\PES 17 City Ground\PES 17 City Ground\ENG - City Ground\common\bg\model\bg\effect\locator\st191\locstar_right3_dr.model' --> 'C:\Users\ALDO\Downloads\Otros\locstar_right3_dr.model'
2026-05-30 20:08:07,976 - INFO - File moved: 'C:\Users\ALDO\Downloads\MEGA\PES 17 City Ground\PES 17 City Ground\ENG - City Ground\common\bg\model\bg\effect\locator\st191\locstar_right3_nf.model' --> 'C:\Users\ALDO\Downloads\Otros\locstar_right3_nf.model'
2026-05-30 20:08:07,977 - INFO - File moved: 'C:\Users\ALDO\Downloads\MEGA\PES 17 City Ground\PES 17 City Ground\ENG - City Ground\common\bg\model\bg\effect\locator\st191\locstar_right3_nr.model' --> 'C:\Users\ALDO\Downloads\Otros\locstar_right3_nr.model'
2026-05-30 20:08:07,978 - INFO - File moved: 'C:\Users\ALDO\Downloads\MEGA\PES 17 City Ground\PES 17 City Ground\ENG - City Ground\common\bg\model\bg\effect\texture\tex_star_08_alp.dds' --> 'C:\Users\ALDO\Downloads\Otros\tex_star_08_alp.dds'
2026-05-30 20:08:07,979 - INFO - File moved: 'C:\Users\ALDO\Downloads\MEGA\PES 17 City Ground\PES 17 City Ground\ENG - City Ground\common\bg\model\bg\pitch\common\texture\3Dpitch.dds' --> 'C:\Users\ALDO\Downloads\Otros\3Dpitch.dds'
2026-05-30 20:08:07,979 - INFO - File moved: 'C:\Users\ALDO\Downloads\MEGA\PES 17 City Ground\PES 17 City Ground\ENG - City Ground\common\bg\model\bg\pitch\common\texture\ground_c.dds' --> 'C:\Users\ALDO\Downloads\Otros\ground_c.dds'
2026-05-30 20:08:07,980 - INFO - File moved: 'C:\Users\ALDO\Downloads\MEGA\PES 17 City Ground\PES 17 City Ground\ENG - City Ground\common\bg\model\bg\pitch\common\texture\ground_dry.dds' --> 'C:\Users\ALDO\Downloads\Otros\ground_dry.dds'
2026-05-30 20:08:07,980 - INFO - File moved: 'C:\Users\ALDO\Downloads\MEGA\PES 17 City Ground\PES 17 City Ground\ENG - City Ground\common\bg\model\bg\pitch\common\texture\ground_s.dds' --> 'C:\Users\ALDO\Downloads\Otros\ground_s.dds'
2026-05-30 20:08:07,981 - INFO - File moved: 'C:\Users\ALDO\Downloads\MEGA\PES 17 City Ground\PES 17 City Ground\ENG - City Ground\common\bg\model\bg\pitch\common\texture\ground_ss.dds' --> 'C:\Users\ALDO\Downloads\Otros\ground_ss.dds'
2026-05-30 20:08:07,982 - INFO - File moved: 'C:\Users\ALDO\Downloads\MEGA\PES 17 City Ground\PES 17 City Ground\ENG - City Ground\common\bg\model\bg\pitch\common\texture\ground_wet.dds' --> 'C:\Users\ALDO\Downloads\Otros\ground_wet.dds'
2026-05-30 20:08:07,983 - INFO - File moved: 'C:\Users\ALDO\Downloads\MEGA\PES 17 City Ground\PES 17 City Ground\ENG - City Ground\common\bg\model\bg\pitch\common\texture\pitch_bsm.dds' --> 'C:\Users\ALDO\Downloads\Otros\pitch_bsm.dds'
2026-05-30 20:08:07,984 - INFO - File moved: 'C:\Users\ALDO\Downloads\MEGA\PES 17 City Ground\PES 17 City Ground\ENG - City Ground\common\bg\model\bg\pitch\common\texture\pitch_nrm_ed01.dds' --> 'C:\Users\ALDO\Downloads\Otros\pitch_nrm_ed01.dds'
2026-05-30 20:08:07,985 - INFO - File moved: 'C:\Users\ALDO\Downloads\MEGA\PES 17 City Ground\PES 17 City Ground\ENG - City Ground\common\bg\model\bg\pitch\common\texture\pitch_nrm_ed02.dds' --> 'C:\Users\ALDO\Downloads\Otros\pitch_nrm_ed02.dds'
2026-05-30 20:08:07,985 - INFO - File moved: 'C:\Users\ALDO\Downloads\MEGA\PES 17 City Ground\PES 17 City Ground\ENG - City Ground\common\bg\model\bg\pitch\common\texture\pitch_nrm_ed03.dds' --> 'C:\Users\ALDO\Downloads\Otros\pitch_nrm_ed03.dds'
2026-05-30 20:08:07,987 - INFO - File moved: 'C:\Users\ALDO\Downloads\MEGA\PES 17 City Ground\PES 17 City Ground\ENG - City Ground\common\bg\model\bg\pitch\common\texture\pitch_nrm_ed04.dds' --> 'C:\Users\ALDO\Downloads\Otros\pitch_nrm_ed04.dds'
2026-05-30 20:08:07,988 - INFO - File moved: 'C:\Users\ALDO\Downloads\MEGA\PES 17 City Ground\PES 17 City Ground\ENG - City Ground\common\bg\model\bg\pitch\common\texture\pitch_nrm_ed05.dds' --> 'C:\Users\ALDO\Downloads\Otros\pitch_nrm_ed05.dds'
2026-05-30 20:08:07,989 - INFO - File moved: 'C:\Users\ALDO\Downloads\MEGA\PES 17 City Ground\PES 17 City Ground\ENG - City Ground\common\bg\model\bg\pitch\common\texture\pitch_nrm_ed06.dds' --> 'C:\Users\ALDO\Downloads\Otros\pitch_nrm_ed06.dds'
2026-05-30 20:08:07,990 - INFO - File moved: 'C:\Users\ALDO\Downloads\MEGA\PES 17 City Ground\PES 17 City Ground\ENG - City Ground\common\bg\model\bg\pitch\common\texture\pitch_nrm_ed07.dds' --> 'C:\Users\ALDO\Downloads\Otros\pitch_nrm_ed07.dds'
2026-05-30 20:08:07,991 - INFO - File moved: 'C:\Users\ALDO\Downloads\MEGA\PES 17 City Ground\PES 17 City Ground\ENG - City Ground\common\bg\model\bg\pitch\common\texture\pitch_nrm_ed08.dds' --> 'C:\Users\ALDO\Downloads\Otros\pitch_nrm_ed08.dds'
2026-05-30 20:08:07,992 - INFO - File moved: 'C:\Users\ALDO\Downloads\MEGA\PES 17 City Ground\PES 17 City Ground\ENG - City Ground\common\bg\model\bg\pitch\common\texture\pitch_summer.dds' --> 'C:\Users\ALDO\Downloads\Otros\pitch_summer.dds'
2026-05-30 20:08:07,992 - INFO - File moved: 'C:\Users\ALDO\Downloads\MEGA\PES 17 City Ground\PES 17 City Ground\ENG - City Ground\common\bg\model\bg\pitch\common\texture\pitch_winter.dds' --> 'C:\Users\ALDO\Downloads\Otros\pitch_winter.dds'
2026-05-30 20:08:07,993 - INFO - File moved: 'C:\Users\ALDO\Downloads\MEGA\PES 17 City Ground\PES 17 City Ground\ENG - City Ground\common\bg\model\bg\pitch\common\texture\weather_dr.dds' --> 'C:\Users\ALDO\Downloads\Otros\weather_dr.dds'
2026-05-30 20:08:07,994 - INFO - File moved: 'C:\Users\ALDO\Downloads\MEGA\PES 17 City Ground\PES 17 City Ground\ENG - City Ground\common\bg\model\bg\pitch\common\texture\weather_dry.dds' --> 'C:\Users\ALDO\Downloads\Otros\weather_dry.dds'
2026-05-30 20:08:07,995 - INFO - File moved: 'C:\Users\ALDO\Downloads\MEGA\PES 17 City Ground\PES 17 City Ground\ENG - City Ground\common\bg\model\bg\pitch\common\texture\weather_s.dds' --> 'C:\Users\ALDO\Downloads\Otros\weather_s.dds'
2026-05-30 20:08:07,996 - INFO - File moved: 'C:\Users\ALDO\Downloads\MEGA\PES 17 City Ground\PES 17 City Ground\ENG - City Ground\common\bg\model\bg\pitch\common\texture\weather_wet.dds' --> 'C:\Users\ALDO\Downloads\Otros\weather_wet.dds'
2026-05-30 20:08:07,997 - INFO - File moved: 'C:\Users\ALDO\Downloads\MEGA\PES 17 City Ground\PES 17 City Ground\ENG - City Ground\common\bg\model\bg\pitch\st191\pitch_s_df.mtl' --> 'C:\Users\ALDO\Downloads\Otros\pitch_s_df.mtl'
2026-05-30 20:08:07,998 - INFO - File moved: 'C:\Users\ALDO\Downloads\MEGA\PES 17 City Ground\PES 17 City Ground\ENG - City Ground\common\bg\model\bg\pitch\st191\pitch_s_df.xml' --> 'C:\Users\ALDO\Downloads\Código\pitch_s_df.xml'
2026-05-30 20:08:07,998 - INFO - File moved: 'C:\Users\ALDO\Downloads\MEGA\PES 17 City Ground\PES 17 City Ground\ENG - City Ground\common\bg\model\bg\pitch\st191\pitch_s_dr.mtl' --> 'C:\Users\ALDO\Downloads\Otros\pitch_s_dr.mtl'
2026-05-30 20:08:07,999 - INFO - File moved: 'C:\Users\ALDO\Downloads\MEGA\PES 17 City Ground\PES 17 City Ground\ENG - City Ground\common\bg\model\bg\pitch\st191\pitch_s_dr.xml' --> 'C:\Users\ALDO\Downloads\Código\pitch_s_dr.xml'
2026-05-30 20:08:08,000 - INFO - File moved: 'C:\Users\ALDO\Downloads\MEGA\PES 17 City Ground\PES 17 City Ground\ENG - City Ground\common\bg\model\bg\pitch\st191\pitch_s_nf.mtl' --> 'C:\Users\ALDO\Downloads\Otros\pitch_s_nf.mtl'
2026-05-30 20:08:08,000 - INFO - File moved: 'C:\Users\ALDO\Downloads\MEGA\PES 17 City Ground\PES 17 City Ground\ENG - City Ground\common\bg\model\bg\pitch\st191\pitch_s_nf.xml' --> 'C:\Users\ALDO\Downloads\Código\pitch_s_nf.xml'
2026-05-30 20:08:08,001 - INFO - File moved: 'C:\Users\ALDO\Downloads\MEGA\PES 17 City Ground\PES 17 City Ground\ENG - City Ground\common\bg\model\bg\pitch\st191\pitch_s_nr.mtl' --> 'C:\Users\ALDO\Downloads\Otros\pitch_s_nr.mtl'
2026-05-30 20:08:08,002 - INFO - File moved: 'C:\Users\ALDO\Downloads\MEGA\PES 17 City Ground\PES 17 City Ground\ENG - City Ground\common\bg\model\bg\pitch\st191\pitch_s_nr.xml' --> 'C:\Users\ALDO\Downloads\Código\pitch_s_nr.xml'
2026-05-30 20:08:08,003 - INFO - File moved: 'C:\Users\ALDO\Downloads\MEGA\PES 17 City Ground\PES 17 City Ground\ENG - City Ground\common\bg\model\bg\pitch\st191\pitch_w_df.mtl' --> 'C:\Users\ALDO\Downloads\Otros\pitch_w_df.mtl'
2026-05-30 20:08:08,005 - INFO - File moved: 'C:\Users\ALDO\Downloads\MEGA\PES 17 City Ground\PES 17 City Ground\ENG - City Ground\common\bg\model\bg\pitch\st191\pitch_w_df.xml' --> 'C:\Users\ALDO\Downloads\Código\pitch_w_df.xml'
2026-05-30 20:08:08,006 - INFO - File moved: 'C:\Users\ALDO\Downloads\MEGA\PES 17 City Ground\PES 17 City Ground\ENG - City Ground\common\bg\model\bg\pitch\st191\pitch_w_dr.mtl' --> 'C:\Users\ALDO\Downloads\Otros\pitch_w_dr.mtl'
2026-05-30 20:08:08,007 - INFO - File moved: 'C:\Users\ALDO\Downloads\MEGA\PES 17 City Ground\PES 17 City Ground\ENG - City Ground\common\bg\model\bg\pitch\st191\pitch_w_dr.xml' --> 'C:\Users\ALDO\Downloads\Código\pitch_w_dr.xml'
2026-05-30 20:08:08,008 - INFO - File moved: 'C:\Users\ALDO\Downloads\MEGA\PES 17 City Ground\PES 17 City Ground\ENG - City Ground\common\bg\model\bg\pitch\st191\pitch_w_nf.mtl' --> 'C:\Users\ALDO\Downloads\Otros\pitch_w_nf.mtl'
2026-05-30 20:08:08,009 - INFO - File moved: 'C:\Users\ALDO\Downloads\MEGA\PES 17 City Ground\PES 17 City Ground\ENG - City Ground\common\bg\model\bg\pitch\st191\pitch_w_nf.xml' --> 'C:\Users\ALDO\Downloads\Código\pitch_w_nf.xml'
2026-05-30 20:08:08,009 - INFO - File moved: 'C:\Users\ALDO\Downloads\MEGA\PES 17 City Ground\PES 17 City Ground\ENG - City Ground\common\bg\model\bg\pitch\st191\pitch_w_nr.mtl' --> 'C:\Users\ALDO\Downloads\Otros\pitch_w_nr.mtl'
2026-05-30 20:08:08,010 - INFO - File moved: 'C:\Users\ALDO\Downloads\MEGA\PES 17 City Ground\PES 17 City Ground\ENG - City Ground\common\bg\model\bg\pitch\st191\pitch_w_nr.xml' --> 'C:\Users\ALDO\Downloads\Código\pitch_w_nr.xml'
2026-05-30 20:08:08,011 - INFO - File moved: 'C:\Users\ALDO\Downloads\MEGA\PES 17 City Ground\PES 17 City Ground\ENG - City Ground\common\bg\model\bg\pitch\st191\model\pitch.model' --> 'C:\Users\ALDO\Downloads\Otros\pitch.model'
2026-05-30 20:08:08,580 - INFO - File renamed into: 'C:\Users\ALDO\Downloads\Otros\3Dpitch (1).dds'
2026-05-30 20:08:08,581 - INFO - File moved: 'C:\Users\ALDO\Downloads\MEGA\PES 17 City Ground\PES 17 City Ground\ENG - City Ground\common\bg\model\bg\pitch\st191\texture\common\3Dpitch.dds' --> 'C:\Users\ALDO\Downloads\Otros\3Dpitch (1).dds'
2026-05-30 20:08:08,626 - INFO - File moved: 'C:\Users\ALDO\Downloads\MEGA\PES 17 City Ground\PES 17 City Ground\ENG - City Ground\common\bg\model\bg\pitch\st191\texture\common\ground_dry copy.dds' --> 'C:\Users\ALDO\Downloads\Otros\ground_dry copy.dds'
2026-05-30 20:08:08,627 - INFO - File moved: 'C:\Users\ALDO\Downloads\MEGA\PES 17 City Ground\PES 17 City Ground\ENG - City Ground\common\bg\model\bg\pitch\st191\texture\common\line.dds' --> 'C:\Users\ALDO\Downloads\Otros\line.dds'
2026-05-30 20:08:08,628 - INFO - File moved: 'C:\Users\ALDO\Downloads\MEGA\PES 17 City Ground\PES 17 City Ground\ENG - City Ground\common\bg\model\bg\pitch\st191\texture\common\line_alp - Copy.dds' --> 'C:\Users\ALDO\Downloads\Otros\line_alp - Copy.dds'
2026-05-30 20:08:08,629 - INFO - File moved: 'C:\Users\ALDO\Downloads\MEGA\PES 17 City Ground\PES 17 City Ground\ENG - City Ground\common\bg\model\bg\pitch\st191\texture\common\line_alp.dds' --> 'C:\Users\ALDO\Downloads\Otros\line_alp.dds'
2026-05-30 20:08:08,631 - INFO - File moved: 'C:\Users\ALDO\Downloads\MEGA\PES 17 City Ground\PES 17 City Ground\ENG - City Ground\common\bg\model\bg\pitch\st191\texture\common\line_alp1.dds' --> 'C:\Users\ALDO\Downloads\Otros\line_alp1.dds'
2026-05-30 20:08:08,632 - INFO - File moved: 'C:\Users\ALDO\Downloads\MEGA\PES 17 City Ground\PES 17 City Ground\ENG - City Ground\common\bg\model\bg\pitch\st191\texture\common\pitch_nrm.dds' --> 'C:\Users\ALDO\Downloads\Otros\pitch_nrm.dds'
2026-05-30 20:08:09,181 - INFO - File renamed into: 'C:\Users\ALDO\Downloads\Otros\pitch_nrm_ed03 (1).dds'
2026-05-30 20:08:09,182 - INFO - File moved: 'C:\Users\ALDO\Downloads\MEGA\PES 17 City Ground\PES 17 City Ground\ENG - City Ground\common\bg\model\bg\pitch\st191\texture\common\pitch_nrm_ed03.dds' --> 'C:\Users\ALDO\Downloads\Otros\pitch_nrm_ed03 (1).dds'
2026-05-30 20:08:09,183 - INFO - File moved: 'C:\Users\ALDO\Downloads\MEGA\PES 17 City Ground\PES 17 City Ground\ENG - City Ground\common\bg\model\bg\pitch\st191\texture\common\small_c.dds' --> 'C:\Users\ALDO\Downloads\Otros\small_c.dds'
2026-05-30 20:08:09,244 - INFO - File moved: 'C:\Users\ALDO\Downloads\MEGA\PES 17 City Ground\PES 17 City Ground\ENG - City Ground\common\bg\model\bg\pitch\st191\texture\common\small_cc.dds' --> 'C:\Users\ALDO\Downloads\Otros\small_cc.dds'
2026-05-30 20:08:09,245 - INFO - File moved: 'C:\Users\ALDO\Downloads\MEGA\PES 17 City Ground\PES 17 City Ground\ENG - City Ground\common\bg\model\bg\pitch\st191\texture\common\turflen.dds' --> 'C:\Users\ALDO\Downloads\Otros\turflen.dds'
2026-05-30 20:08:09,246 - INFO - File moved: 'C:\Users\ALDO\Downloads\MEGA\PES 17 City Ground\PES 17 City Ground\ENG - City Ground\common\bg\model\bg\pitch\st191\texture\common\turf_df.dds' --> 'C:\Users\ALDO\Downloads\Otros\turf_df.dds'
2026-05-30 20:08:09,248 - INFO - File moved: 'C:\Users\ALDO\Downloads\MEGA\PES 17 City Ground\PES 17 City Ground\ENG - City Ground\common\bg\model\bg\pitch\st191\texture\common\turf_dr.dds' --> 'C:\Users\ALDO\Downloads\Otros\turf_dr.dds'
2026-05-30 20:08:09,249 - INFO - File moved: 'C:\Users\ALDO\Downloads\MEGA\PES 17 City Ground\PES 17 City Ground\ENG - City Ground\common\bg\model\bg\pitch\st191\texture\common\turf_nf.dds' --> 'C:\Users\ALDO\Downloads\Otros\turf_nf.dds'
2026-05-30 20:08:09,250 - INFO - File moved: 'C:\Users\ALDO\Downloads\MEGA\PES 17 City Ground\PES 17 City Ground\ENG - City Ground\common\bg\model\bg\pitch\st191\texture\common\turf_nr.dds' --> 'C:\Users\ALDO\Downloads\Otros\turf_nr.dds'
2026-05-30 20:08:09,252 - INFO - File moved: 'C:\Users\ALDO\Downloads\MEGA\PES 17 City Ground\PES 17 City Ground\ENG - City Ground\common\bg\model\bg\pitch\st191\texture\df\wide_n1.DDS' --> 'C:\Users\ALDO\Downloads\Otros\wide_n1.DDS'
2026-05-30 20:08:09,253 - INFO - File moved: 'C:\Users\ALDO\Downloads\MEGA\PES 17 City Ground\PES 17 City Ground\ENG - City Ground\common\bg\model\bg\pitch\st191\texture\df\wide_n2.DDS' --> 'C:\Users\ALDO\Downloads\Otros\wide_n2.DDS'
2026-05-30 20:08:09,254 - INFO - File moved: 'C:\Users\ALDO\Downloads\MEGA\PES 17 City Ground\PES 17 City Ground\ENG - City Ground\common\bg\model\bg\pitch\st191\texture\df\wide_n3.dds' --> 'C:\Users\ALDO\Downloads\Otros\wide_n3.dds'
2026-05-30 20:08:09,255 - INFO - File moved: 'C:\Users\ALDO\Downloads\MEGA\PES 17 City Ground\PES 17 City Ground\ENG - City Ground\common\bg\model\bg\pitch\st191\texture\df\wide_n4.dds' --> 'C:\Users\ALDO\Downloads\Otros\wide_n4.dds'
2026-05-30 20:08:09,256 - INFO - File moved: 'C:\Users\ALDO\Downloads\MEGA\PES 17 City Ground\PES 17 City Ground\ENG - City Ground\common\bg\model\bg\pitch\st191\texture\df\wide_n5.dds' --> 'C:\Users\ALDO\Downloads\Otros\wide_n5.dds'
2026-05-30 20:08:09,257 - INFO - File moved: 'C:\Users\ALDO\Downloads\MEGA\PES 17 City Ground\PES 17 City Ground\ENG - City Ground\common\bg\model\bg\pitch\st191\texture\df\wide_n6.dds' --> 'C:\Users\ALDO\Downloads\Otros\wide_n6.dds'
2026-05-30 20:08:09,258 - INFO - File moved: 'C:\Users\ALDO\Downloads\MEGA\PES 17 City Ground\PES 17 City Ground\ENG - City Ground\common\bg\model\bg\pitch\st191\texture\df\wide_n7.dds' --> 'C:\Users\ALDO\Downloads\Otros\wide_n7.dds'
2026-05-30 20:08:09,259 - INFO - File moved: 'C:\Users\ALDO\Downloads\MEGA\PES 17 City Ground\PES 17 City Ground\ENG - City Ground\common\bg\model\bg\pitch\st191\texture\df\wide_n8.dds' --> 'C:\Users\ALDO\Downloads\Otros\wide_n8.dds'
2026-05-30 20:08:09,259 - INFO - File moved: 'C:\Users\ALDO\Downloads\MEGA\PES 17 City Ground\PES 17 City Ground\ENG - City Ground\common\bg\model\bg\pitch\st191\texture\df\wide_r_c1.DDS' --> 'C:\Users\ALDO\Downloads\Otros\wide_r_c1.DDS'
2026-05-30 20:08:09,260 - INFO - File moved: 'C:\Users\ALDO\Downloads\MEGA\PES 17 City Ground\PES 17 City Ground\ENG - City Ground\common\bg\model\bg\pitch\st191\texture\df\wide_r_c2.dds' --> 'C:\Users\ALDO\Downloads\Otros\wide_r_c2.dds'
2026-05-30 20:08:09,261 - INFO - File moved: 'C:\Users\ALDO\Downloads\MEGA\PES 17 City Ground\PES 17 City Ground\ENG - City Ground\common\bg\model\bg\pitch\st191\texture\df\wide_s_c1.DDS' --> 'C:\Users\ALDO\Downloads\Otros\wide_s_c1.DDS'
2026-05-30 20:08:09,262 - INFO - File moved: 'C:\Users\ALDO\Downloads\MEGA\PES 17 City Ground\PES 17 City Ground\ENG - City Ground\common\bg\model\bg\pitch\st191\texture\df\wide_s_c2.DDS' --> 'C:\Users\ALDO\Downloads\Otros\wide_s_c2.DDS'
2026-05-30 20:08:09,262 - INFO - File moved: 'C:\Users\ALDO\Downloads\MEGA\PES 17 City Ground\PES 17 City Ground\ENG - City Ground\common\bg\model\bg\pitch\st191\texture\df\wide_w_c1.DDS' --> 'C:\Users\ALDO\Downloads\Otros\wide_w_c1.DDS'
2026-05-30 20:08:09,263 - INFO - File moved: 'C:\Users\ALDO\Downloads\MEGA\PES 17 City Ground\PES 17 City Ground\ENG - City Ground\common\bg\model\bg\pitch\st191\texture\df\wide_w_c2.DDS' --> 'C:\Users\ALDO\Downloads\Otros\wide_w_c2.DDS'
2026-05-30 20:08:09,757 - INFO - File renamed into: 'C:\Users\ALDO\Downloads\Otros\wide_n1 (1).DDS'
2026-05-30 20:08:09,757 - INFO - File moved: 'C:\Users\ALDO\Downloads\MEGA\PES 17 City Ground\PES 17 City Ground\ENG - City Ground\common\bg\model\bg\pitch\st191\texture\nf\wide_n1.DDS' --> 'C:\Users\ALDO\Downloads\Otros\wide_n1 (1).DDS'
2026-05-30 20:08:12,706 - INFO - Skipping by user order
2026-05-30 20:08:13,129 - INFO - Skipping by user order
2026-05-30 20:08:13,507 - INFO - Skipping by user order
2026-05-30 20:08:13,870 - INFO - Skipping by user order
2026-05-30 20:08:14,179 - INFO - Skipping by user order
2026-05-30 20:08:14,180 - INFO - File moved: 'C:\Users\ALDO\Downloads\MEGA\PES 17 City Ground\PES 17 City Ground\ENG - City Ground\common\bg\model\bg\pitch\st191\texture\nf\wide_s_cc.dds' --> 'C:\Users\ALDO\Downloads\Otros\wide_s_cc.dds'
2026-05-30 20:08:14,598 - INFO - Skipping by user order
2026-05-30 20:08:14,983 - INFO - Skipping by user order
2026-05-30 20:08:14,985 - INFO - File moved: 'C:\Users\ALDO\Downloads\MEGA\PES 17 City Ground\PES 17 City Ground\ENG - City Ground\common\bg\model\bg\scarecrow\st191\scarecrow_vol1.mtl' --> 'C:\Users\ALDO\Downloads\Otros\scarecrow_vol1.mtl'
2026-05-30 20:08:14,986 - INFO - File moved: 'C:\Users\ALDO\Downloads\MEGA\PES 17 City Ground\PES 17 City Ground\ENG - City Ground\common\bg\model\bg\scarecrow\st191\scarecrow_vol1.xml' --> 'C:\Users\ALDO\Downloads\Código\scarecrow_vol1.xml'
2026-05-30 20:08:14,986 - INFO - File moved: 'C:\Users\ALDO\Downloads\MEGA\PES 17 City Ground\PES 17 City Ground\ENG - City Ground\common\bg\model\bg\scarecrow\st191\scarecrow_vol2.mtl' --> 'C:\Users\ALDO\Downloads\Otros\scarecrow_vol2.mtl'
2026-05-30 20:08:14,987 - INFO - File moved: 'C:\Users\ALDO\Downloads\MEGA\PES 17 City Ground\PES 17 City Ground\ENG - City Ground\common\bg\model\bg\scarecrow\st191\scarecrow_vol2.xml' --> 'C:\Users\ALDO\Downloads\Código\scarecrow_vol2.xml'
2026-05-30 20:08:14,988 - INFO - File moved: 'C:\Users\ALDO\Downloads\MEGA\PES 17 City Ground\PES 17 City Ground\ENG - City Ground\common\bg\model\bg\scarecrow\st191\scarecrow_vol3.mtl' --> 'C:\Users\ALDO\Downloads\Otros\scarecrow_vol3.mtl'
2026-05-30 20:08:14,989 - INFO - File moved: 'C:\Users\ALDO\Downloads\MEGA\PES 17 City Ground\PES 17 City Ground\ENG - City Ground\common\bg\model\bg\scarecrow\st191\scarecrow_vol3.xml' --> 'C:\Users\ALDO\Downloads\Código\scarecrow_vol3.xml'
2026-05-30 20:08:14,990 - INFO - File moved: 'C:\Users\ALDO\Downloads\MEGA\PES 17 City Ground\PES 17 City Ground\ENG - City Ground\common\bg\model\bg\sky\common\model\sky.model' --> 'C:\Users\ALDO\Downloads\Otros\sky.model'
2026-05-30 20:08:14,991 - INFO - File moved: 'C:\Users\ALDO\Downloads\MEGA\PES 17 City Ground\PES 17 City Ground\ENG - City Ground\common\bg\model\bg\sky\st191\sky_df.mtl' --> 'C:\Users\ALDO\Downloads\Otros\sky_df.mtl'
2026-05-30 20:08:14,992 - INFO - File moved: 'C:\Users\ALDO\Downloads\MEGA\PES 17 City Ground\PES 17 City Ground\ENG - City Ground\common\bg\model\bg\sky\st191\sky_df.xml' --> 'C:\Users\ALDO\Downloads\Código\sky_df.xml'
2026-05-30 20:08:14,992 - INFO - File moved: 'C:\Users\ALDO\Downloads\MEGA\PES 17 City Ground\PES 17 City Ground\ENG - City Ground\common\bg\model\bg\sky\st191\sky_dr.mtl' --> 'C:\Users\ALDO\Downloads\Otros\sky_dr.mtl'
2026-05-30 20:08:14,993 - INFO - File moved: 'C:\Users\ALDO\Downloads\MEGA\PES 17 City Ground\PES 17 City Ground\ENG - City Ground\common\bg\model\bg\sky\st191\sky_dr.xml' --> 'C:\Users\ALDO\Downloads\Código\sky_dr.xml'
2026-05-30 20:08:14,995 - INFO - File moved: 'C:\Users\ALDO\Downloads\MEGA\PES 17 City Ground\PES 17 City Ground\ENG - City Ground\common\bg\model\bg\sky\st191\sky_nf.mtl' --> 'C:\Users\ALDO\Downloads\Otros\sky_nf.mtl'
2026-05-30 20:08:14,996 - INFO - File moved: 'C:\Users\ALDO\Downloads\MEGA\PES 17 City Ground\PES 17 City Ground\ENG - City Ground\common\bg\model\bg\sky\st191\sky_nf.xml' --> 'C:\Users\ALDO\Downloads\Código\sky_nf.xml'
2026-05-30 20:08:14,997 - INFO - File moved: 'C:\Users\ALDO\Downloads\MEGA\PES 17 City Ground\PES 17 City Ground\ENG - City Ground\common\bg\model\bg\sky\st191\sky_nr.mtl' --> 'C:\Users\ALDO\Downloads\Otros\sky_nr.mtl'
2026-05-30 20:08:14,998 - INFO - File moved: 'C:\Users\ALDO\Downloads\MEGA\PES 17 City Ground\PES 17 City Ground\ENG - City Ground\common\bg\model\bg\sky\st191\sky_nr.xml' --> 'C:\Users\ALDO\Downloads\Código\sky_nr.xml'
2026-05-30 20:08:14,998 - INFO - File moved: 'C:\Users\ALDO\Downloads\MEGA\PES 17 City Ground\PES 17 City Ground\ENG - City Ground\common\bg\model\bg\sky\st191\texture\df\sky.DDS' --> 'C:\Users\ALDO\Downloads\Otros\sky.DDS'
2026-05-30 20:08:15,314 - INFO - Skipping by user order
2026-05-30 20:08:15,622 - INFO - Skipping by user order
2026-05-30 20:08:15,930 - INFO - Skipping by user order
2026-05-30 20:08:15,931 - INFO - File moved: 'C:\Users\ALDO\Downloads\MEGA\PES 17 City Ground\PES 17 City Ground\ENG - City Ground\common\bg\model\bg\stadium\st191\ad_df.mtl' --> 'C:\Users\ALDO\Downloads\Otros\ad_df.mtl'
2026-05-30 20:08:15,932 - INFO - File moved: 'C:\Users\ALDO\Downloads\MEGA\PES 17 City Ground\PES 17 City Ground\ENG - City Ground\common\bg\model\bg\stadium\st191\ad_dr.mtl' --> 'C:\Users\ALDO\Downloads\Otros\ad_dr.mtl'
2026-05-30 20:08:15,933 - INFO - File moved: 'C:\Users\ALDO\Downloads\MEGA\PES 17 City Ground\PES 17 City Ground\ENG - City Ground\common\bg\model\bg\stadium\st191\ad_nf.mtl' --> 'C:\Users\ALDO\Downloads\Otros\ad_nf.mtl'
2026-05-30 20:08:15,934 - INFO - File moved: 'C:\Users\ALDO\Downloads\MEGA\PES 17 City Ground\PES 17 City Ground\ENG - City Ground\common\bg\model\bg\stadium\st191\ad_nr.mtl' --> 'C:\Users\ALDO\Downloads\Otros\ad_nr.mtl'
2026-05-30 20:08:15,935 - INFO - File moved: 'C:\Users\ALDO\Downloads\MEGA\PES 17 City Ground\PES 17 City Ground\ENG - City Ground\common\bg\model\bg\stadium\st191\sc_cr.mtl' --> 'C:\Users\ALDO\Downloads\Otros\sc_cr.mtl'
2026-05-30 20:08:15,936 - INFO - File moved: 'C:\Users\ALDO\Downloads\MEGA\PES 17 City Ground\PES 17 City Ground\ENG - City Ground\common\bg\model\bg\stadium\st191\st_df.mtl' --> 'C:\Users\ALDO\Downloads\Otros\st_df.mtl'
2026-05-30 20:08:15,936 - INFO - File moved: 'C:\Users\ALDO\Downloads\MEGA\PES 17 City Ground\PES 17 City Ground\ENG - City Ground\common\bg\model\bg\stadium\st191\st_df.xml' --> 'C:\Users\ALDO\Downloads\Código\st_df.xml'
2026-05-30 20:08:15,937 - INFO - File moved: 'C:\Users\ALDO\Downloads\MEGA\PES 17 City Ground\PES 17 City Ground\ENG - City Ground\common\bg\model\bg\stadium\st191\st_dr.mtl' --> 'C:\Users\ALDO\Downloads\Otros\st_dr.mtl'
2026-05-30 20:08:15,938 - INFO - File moved: 'C:\Users\ALDO\Downloads\MEGA\PES 17 City Ground\PES 17 City Ground\ENG - City Ground\common\bg\model\bg\stadium\st191\st_dr.xml' --> 'C:\Users\ALDO\Downloads\Código\st_dr.xml'
2026-05-30 20:08:15,939 - INFO - File moved: 'C:\Users\ALDO\Downloads\MEGA\PES 17 City Ground\PES 17 City Ground\ENG - City Ground\common\bg\model\bg\stadium\st191\st_nf.mtl' --> 'C:\Users\ALDO\Downloads\Otros\st_nf.mtl'
2026-05-30 20:08:15,940 - INFO - File moved: 'C:\Users\ALDO\Downloads\MEGA\PES 17 City Ground\PES 17 City Ground\ENG - City Ground\common\bg\model\bg\stadium\st191\st_nf.xml' --> 'C:\Users\ALDO\Downloads\Código\st_nf.xml'
2026-05-30 20:08:15,941 - INFO - File moved: 'C:\Users\ALDO\Downloads\MEGA\PES 17 City Ground\PES 17 City Ground\ENG - City Ground\common\bg\model\bg\stadium\st191\st_nr.mtl' --> 'C:\Users\ALDO\Downloads\Otros\st_nr.mtl'
2026-05-30 20:08:15,941 - INFO - File moved: 'C:\Users\ALDO\Downloads\MEGA\PES 17 City Ground\PES 17 City Ground\ENG - City Ground\common\bg\model\bg\stadium\st191\st_nr.xml' --> 'C:\Users\ALDO\Downloads\Código\st_nr.xml'
2026-05-30 20:08:15,943 - INFO - File moved: 'C:\Users\ALDO\Downloads\MEGA\PES 17 City Ground\PES 17 City Ground\ENG - City Ground\common\bg\model\bg\stadium\st191\tv_df.mtl' --> 'C:\Users\ALDO\Downloads\Otros\tv_df.mtl'
2026-05-30 20:08:15,945 - INFO - File moved: 'C:\Users\ALDO\Downloads\MEGA\PES 17 City Ground\PES 17 City Ground\ENG - City Ground\common\bg\model\bg\stadium\st191\tv_df.xml' --> 'C:\Users\ALDO\Downloads\Código\tv_df.xml'
2026-05-30 20:08:15,946 - INFO - File moved: 'C:\Users\ALDO\Downloads\MEGA\PES 17 City Ground\PES 17 City Ground\ENG - City Ground\common\bg\model\bg\stadium\st191\tv_dr.mtl' --> 'C:\Users\ALDO\Downloads\Otros\tv_dr.mtl'
2026-05-30 20:08:15,946 - INFO - File moved: 'C:\Users\ALDO\Downloads\MEGA\PES 17 City Ground\PES 17 City Ground\ENG - City Ground\common\bg\model\bg\stadium\st191\tv_dr.xml' --> 'C:\Users\ALDO\Downloads\Código\tv_dr.xml'
2026-05-30 20:08:15,947 - INFO - File moved: 'C:\Users\ALDO\Downloads\MEGA\PES 17 City Ground\PES 17 City Ground\ENG - City Ground\common\bg\model\bg\stadium\st191\tv_nf.mtl' --> 'C:\Users\ALDO\Downloads\Otros\tv_nf.mtl'
2026-05-30 20:08:15,948 - INFO - File moved: 'C:\Users\ALDO\Downloads\MEGA\PES 17 City Ground\PES 17 City Ground\ENG - City Ground\common\bg\model\bg\stadium\st191\tv_nf.xml' --> 'C:\Users\ALDO\Downloads\Código\tv_nf.xml'
2026-05-30 20:08:15,949 - INFO - File moved: 'C:\Users\ALDO\Downloads\MEGA\PES 17 City Ground\PES 17 City Ground\ENG - City Ground\common\bg\model\bg\stadium\st191\tv_nr.mtl' --> 'C:\Users\ALDO\Downloads\Otros\tv_nr.mtl'
2026-05-30 20:08:15,950 - INFO - File moved: 'C:\Users\ALDO\Downloads\MEGA\PES 17 City Ground\PES 17 City Ground\ENG - City Ground\common\bg\model\bg\stadium\st191\tv_nr.xml' --> 'C:\Users\ALDO\Downloads\Código\tv_nr.xml'
2026-05-30 20:08:15,950 - INFO - File moved: 'C:\Users\ALDO\Downloads\MEGA\PES 17 City Ground\PES 17 City Ground\ENG - City Ground\common\bg\model\bg\stadium\st191\etc\cg_df.dds' --> 'C:\Users\ALDO\Downloads\Otros\cg_df.dds'
2026-05-30 20:08:15,951 - INFO - File moved: 'C:\Users\ALDO\Downloads\MEGA\PES 17 City Ground\PES 17 City Ground\ENG - City Ground\common\bg\model\bg\stadium\st191\etc\cg_df_demo.dds' --> 'C:\Users\ALDO\Downloads\Otros\cg_df_demo.dds'
2026-05-30 20:08:15,952 - INFO - File moved: 'C:\Users\ALDO\Downloads\MEGA\PES 17 City Ground\PES 17 City Ground\ENG - City Ground\common\bg\model\bg\stadium\st191\etc\cg_dr.dds' --> 'C:\Users\ALDO\Downloads\Otros\cg_dr.dds'
2026-05-30 20:08:15,953 - INFO - File moved: 'C:\Users\ALDO\Downloads\MEGA\PES 17 City Ground\PES 17 City Ground\ENG - City Ground\common\bg\model\bg\stadium\st191\etc\cg_dr_demo.dds' --> 'C:\Users\ALDO\Downloads\Otros\cg_dr_demo.dds'
2026-05-30 20:08:15,954 - INFO - File moved: 'C:\Users\ALDO\Downloads\MEGA\PES 17 City Ground\PES 17 City Ground\ENG - City Ground\common\bg\model\bg\stadium\st191\etc\cg_nf.dds' --> 'C:\Users\ALDO\Downloads\Otros\cg_nf.dds'
2026-05-30 20:08:15,955 - INFO - File moved: 'C:\Users\ALDO\Downloads\MEGA\PES 17 City Ground\PES 17 City Ground\ENG - City Ground\common\bg\model\bg\stadium\st191\etc\cg_nf_demo.dds' --> 'C:\Users\ALDO\Downloads\Otros\cg_nf_demo.dds'
2026-05-30 20:08:15,956 - INFO - File moved: 'C:\Users\ALDO\Downloads\MEGA\PES 17 City Ground\PES 17 City Ground\ENG - City Ground\common\bg\model\bg\stadium\st191\etc\cg_nr.dds' --> 'C:\Users\ALDO\Downloads\Otros\cg_nr.dds'
2026-05-30 20:08:15,957 - INFO - File moved: 'C:\Users\ALDO\Downloads\MEGA\PES 17 City Ground\PES 17 City Ground\ENG - City Ground\common\bg\model\bg\stadium\st191\etc\cg_nr_demo.dds' --> 'C:\Users\ALDO\Downloads\Otros\cg_nr_demo.dds'
2026-05-30 20:08:15,958 - INFO - File moved: 'C:\Users\ALDO\Downloads\MEGA\PES 17 City Ground\PES 17 City Ground\ENG - City Ground\common\bg\model\bg\stadium\st191\etc\effect_config_df.xml' --> 'C:\Users\ALDO\Downloads\Código\effect_config_df.xml'
2026-05-30 20:08:15,959 - INFO - File moved: 'C:\Users\ALDO\Downloads\MEGA\PES 17 City Ground\PES 17 City Ground\ENG - City Ground\common\bg\model\bg\stadium\st191\etc\effect_config_dr.xml' --> 'C:\Users\ALDO\Downloads\Código\effect_config_dr.xml'
2026-05-30 20:08:15,960 - INFO - File moved: 'C:\Users\ALDO\Downloads\MEGA\PES 17 City Ground\PES 17 City Ground\ENG - City Ground\common\bg\model\bg\stadium\st191\etc\effect_config_nf.xml' --> 'C:\Users\ALDO\Downloads\Código\effect_config_nf.xml'
2026-05-30 20:08:15,961 - INFO - File moved: 'C:\Users\ALDO\Downloads\MEGA\PES 17 City Ground\PES 17 City Ground\ENG - City Ground\common\bg\model\bg\stadium\st191\etc\effect_config_nr.xml' --> 'C:\Users\ALDO\Downloads\Código\effect_config_nr.xml'
2026-05-30 20:08:15,962 - INFO - File moved: 'C:\Users\ALDO\Downloads\MEGA\PES 17 City Ground\PES 17 City Ground\ENG - City Ground\common\bg\model\bg\stadium\st191\etc\env_df.dds' --> 'C:\Users\ALDO\Downloads\Otros\env_df.dds'
2026-05-30 20:08:15,962 - INFO - File moved: 'C:\Users\ALDO\Downloads\MEGA\PES 17 City Ground\PES 17 City Ground\ENG - City Ground\common\bg\model\bg\stadium\st191\etc\env_dr.dds' --> 'C:\Users\ALDO\Downloads\Otros\env_dr.dds'
2026-05-30 20:08:15,963 - INFO - File moved: 'C:\Users\ALDO\Downloads\MEGA\PES 17 City Ground\PES 17 City Ground\ENG - City Ground\common\bg\model\bg\stadium\st191\etc\env_nf.dds' --> 'C:\Users\ALDO\Downloads\Otros\env_nf.dds'
2026-05-30 20:08:15,964 - INFO - File moved: 'C:\Users\ALDO\Downloads\MEGA\PES 17 City Ground\PES 17 City Ground\ENG - City Ground\common\bg\model\bg\stadium\st191\etc\env_nr.dds' --> 'C:\Users\ALDO\Downloads\Otros\env_nr.dds'
2026-05-30 20:08:15,964 - INFO - File moved: 'C:\Users\ALDO\Downloads\MEGA\PES 17 City Ground\PES 17 City Ground\ENG - City Ground\common\bg\model\bg\stadium\st191\etc\light_config_df - Copy.xml' --> 'C:\Users\ALDO\Downloads\Código\light_config_df - Copy.xml'
2026-05-30 20:08:15,965 - INFO - File moved: 'C:\Users\ALDO\Downloads\MEGA\PES 17 City Ground\PES 17 City Ground\ENG - City Ground\common\bg\model\bg\stadium\st191\etc\light_config_df.xml' --> 'C:\Users\ALDO\Downloads\Código\light_config_df.xml'
2026-05-30 20:08:15,966 - INFO - File moved: 'C:\Users\ALDO\Downloads\MEGA\PES 17 City Ground\PES 17 City Ground\ENG - City Ground\common\bg\model\bg\stadium\st191\etc\light_config_df_demo_gate.xml' --> 'C:\Users\ALDO\Downloads\Código\light_config_df_demo_gate.xml'
2026-05-30 20:08:15,967 - INFO - File moved: 'C:\Users\ALDO\Downloads\MEGA\PES 17 City Ground\PES 17 City Ground\ENG - City Ground\common\bg\model\bg\stadium\st191\etc\light_config_dr.xml' --> 'C:\Users\ALDO\Downloads\Código\light_config_dr.xml'
2026-05-30 20:08:15,967 - INFO - File moved: 'C:\Users\ALDO\Downloads\MEGA\PES 17 City Ground\PES 17 City Ground\ENG - City Ground\common\bg\model\bg\stadium\st191\etc\light_config_dr_demo_gate.xml' --> 'C:\Users\ALDO\Downloads\Código\light_config_dr_demo_gate.xml'
2026-05-30 20:08:15,968 - INFO - File moved: 'C:\Users\ALDO\Downloads\MEGA\PES 17 City Ground\PES 17 City Ground\ENG - City Ground\common\bg\model\bg\stadium\st191\etc\light_config_nf.xml' --> 'C:\Users\ALDO\Downloads\Código\light_config_nf.xml'
2026-05-30 20:08:15,969 - INFO - File moved: 'C:\Users\ALDO\Downloads\MEGA\PES 17 City Ground\PES 17 City Ground\ENG - City Ground\common\bg\model\bg\stadium\st191\etc\light_config_nf_demo_gate.xml' --> 'C:\Users\ALDO\Downloads\Código\light_config_nf_demo_gate.xml'
2026-05-30 20:08:15,969 - INFO - File moved: 'C:\Users\ALDO\Downloads\MEGA\PES 17 City Ground\PES 17 City Ground\ENG - City Ground\common\bg\model\bg\stadium\st191\etc\light_config_nr.xml' --> 'C:\Users\ALDO\Downloads\Código\light_config_nr.xml'
2026-05-30 20:08:15,970 - INFO - File moved: 'C:\Users\ALDO\Downloads\MEGA\PES 17 City Ground\PES 17 City Ground\ENG - City Ground\common\bg\model\bg\stadium\st191\etc\light_config_nr_demo_gate.xml' --> 'C:\Users\ALDO\Downloads\Código\light_config_nr_demo_gate.xml'
2026-05-30 20:08:15,973 - INFO - File moved: 'C:\Users\ALDO\Downloads\MEGA\PES 17 City Ground\PES 17 City Ground\ENG - City Ground\common\bg\model\bg\stadium\st191\etc\stad_df.irv' --> 'C:\Users\ALDO\Downloads\Otros\stad_df.irv'
2026-05-30 20:08:16,008 - INFO - File moved: 'C:\Users\ALDO\Downloads\MEGA\PES 17 City Ground\PES 17 City Ground\ENG - City Ground\common\bg\model\bg\stadium\st191\etc\stad_df.lmn' --> 'C:\Users\ALDO\Downloads\Otros\stad_df.lmn'
2026-05-30 20:08:16,014 - INFO - File moved: 'C:\Users\ALDO\Downloads\MEGA\PES 17 City Ground\PES 17 City Ground\ENG - City Ground\common\bg\model\bg\stadium\st191\etc\stad_df_demo_gate.irv' --> 'C:\Users\ALDO\Downloads\Otros\stad_df_demo_gate.irv'
2026-05-30 20:08:16,015 - INFO - File moved: 'C:\Users\ALDO\Downloads\MEGA\PES 17 City Ground\PES 17 City Ground\ENG - City Ground\common\bg\model\bg\stadium\st191\etc\stad_dr.irv' --> 'C:\Users\ALDO\Downloads\Otros\stad_dr.irv'
2026-05-30 20:08:16,016 - INFO - File moved: 'C:\Users\ALDO\Downloads\MEGA\PES 17 City Ground\PES 17 City Ground\ENG - City Ground\common\bg\model\bg\stadium\st191\etc\stad_dr.lmn' --> 'C:\Users\ALDO\Downloads\Otros\stad_dr.lmn'
2026-05-30 20:08:16,017 - INFO - File moved: 'C:\Users\ALDO\Downloads\MEGA\PES 17 City Ground\PES 17 City Ground\ENG - City Ground\common\bg\model\bg\stadium\st191\etc\stad_dr_demo_gate.irv' --> 'C:\Users\ALDO\Downloads\Otros\stad_dr_demo_gate.irv'
2026-05-30 20:08:16,018 - INFO - File moved: 'C:\Users\ALDO\Downloads\MEGA\PES 17 City Ground\PES 17 City Ground\ENG - City Ground\common\bg\model\bg\stadium\st191\etc\stad_nf.irv' --> 'C:\Users\ALDO\Downloads\Otros\stad_nf.irv'
2026-05-30 20:08:16,019 - INFO - File moved: 'C:\Users\ALDO\Downloads\MEGA\PES 17 City Ground\PES 17 City Ground\ENG - City Ground\common\bg\model\bg\stadium\st191\etc\stad_nf.lmn' --> 'C:\Users\ALDO\Downloads\Otros\stad_nf.lmn'
2026-05-30 20:08:16,020 - INFO - File moved: 'C:\Users\ALDO\Downloads\MEGA\PES 17 City Ground\PES 17 City Ground\ENG - City Ground\common\bg\model\bg\stadium\st191\etc\stad_nf_demo_gate.irv' --> 'C:\Users\ALDO\Downloads\Otros\stad_nf_demo_gate.irv'
2026-05-30 20:08:16,021 - INFO - File moved: 'C:\Users\ALDO\Downloads\MEGA\PES 17 City Ground\PES 17 City Ground\ENG - City Ground\common\bg\model\bg\stadium\st191\etc\stad_nf_shlight.irv' --> 'C:\Users\ALDO\Downloads\Otros\stad_nf_shlight.irv'
2026-05-30 20:08:16,022 - INFO - File moved: 'C:\Users\ALDO\Downloads\MEGA\PES 17 City Ground\PES 17 City Ground\ENG - City Ground\common\bg\model\bg\stadium\st191\etc\stad_nr.irv' --> 'C:\Users\ALDO\Downloads\Otros\stad_nr.irv'
2026-05-30 20:08:16,022 - INFO - File moved: 'C:\Users\ALDO\Downloads\MEGA\PES 17 City Ground\PES 17 City Ground\ENG - City Ground\common\bg\model\bg\stadium\st191\etc\stad_nr.lmn' --> 'C:\Users\ALDO\Downloads\Otros\stad_nr.lmn'
2026-05-30 20:08:16,023 - INFO - File moved: 'C:\Users\ALDO\Downloads\MEGA\PES 17 City Ground\PES 17 City Ground\ENG - City Ground\common\bg\model\bg\stadium\st191\etc\stad_nr_demo_gate.irv' --> 'C:\Users\ALDO\Downloads\Otros\stad_nr_demo_gate.irv'
2026-05-30 20:08:16,024 - INFO - File moved: 'C:\Users\ALDO\Downloads\MEGA\PES 17 City Ground\PES 17 City Ground\ENG - City Ground\common\bg\model\bg\stadium\st191\etc\stad_nr_shlight.irv' --> 'C:\Users\ALDO\Downloads\Otros\stad_nr_shlight.irv'
2026-05-30 20:08:16,025 - INFO - File moved: 'C:\Users\ALDO\Downloads\MEGA\PES 17 City Ground\PES 17 City Ground\ENG - City Ground\common\bg\model\bg\stadium\st191\model\sc2020_back_other.model' --> 'C:\Users\ALDO\Downloads\Otros\sc2020_back_other.model'
2026-05-30 20:08:16,026 - INFO - File moved: 'C:\Users\ALDO\Downloads\MEGA\PES 17 City Ground\PES 17 City Ground\ENG - City Ground\common\bg\model\bg\stadium\st191\model\sc2020_back_stand.model' --> 'C:\Users\ALDO\Downloads\Otros\sc2020_back_stand.model'
2026-05-30 20:08:16,027 - INFO - File moved: 'C:\Users\ALDO\Downloads\MEGA\PES 17 City Ground\PES 17 City Ground\ENG - City Ground\common\bg\model\bg\stadium\st191\model\sc2020_dir_bench.model' --> 'C:\Users\ALDO\Downloads\Otros\sc2020_dir_bench.model'
2026-05-30 20:08:16,040 - INFO - File moved: 'C:\Users\ALDO\Downloads\MEGA\PES 17 City Ground\PES 17 City Ground\ENG - City Ground\common\bg\model\bg\stadium\st191\model\sc2020_dir_demoRoute.model' --> 'C:\Users\ALDO\Downloads\Otros\sc2020_dir_demoRoute.model'
2026-05-30 20:08:16,041 - INFO - File moved: 'C:\Users\ALDO\Downloads\MEGA\PES 17 City Ground\PES 17 City Ground\ENG - City Ground\common\bg\model\bg\stadium\st191\model\sc2020_front_others.model' --> 'C:\Users\ALDO\Downloads\Otros\sc2020_front_others.model'
2026-05-30 20:08:16,042 - INFO - File moved: 'C:\Users\ALDO\Downloads\MEGA\PES 17 City Ground\PES 17 City Ground\ENG - City Ground\common\bg\model\bg\stadium\st191\model\sc2020_front_stand.model' --> 'C:\Users\ALDO\Downloads\Otros\sc2020_front_stand.model'
2026-05-30 20:08:16,043 - INFO - File moved: 'C:\Users\ALDO\Downloads\MEGA\PES 17 City Ground\PES 17 City Ground\ENG - City Ground\common\bg\model\bg\stadium\st191\model\sc2020_left_others.model' --> 'C:\Users\ALDO\Downloads\Otros\sc2020_left_others.model'
2026-05-30 20:08:16,044 - INFO - File moved: 'C:\Users\ALDO\Downloads\MEGA\PES 17 City Ground\PES 17 City Ground\ENG - City Ground\common\bg\model\bg\stadium\st191\model\sc2020_left_stand.model' --> 'C:\Users\ALDO\Downloads\Otros\sc2020_left_stand.model'
2026-05-30 20:08:16,044 - INFO - File moved: 'C:\Users\ALDO\Downloads\MEGA\PES 17 City Ground\PES 17 City Ground\ENG - City Ground\common\bg\model\bg\stadium\st191\model\sc2020_right_others.model' --> 'C:\Users\ALDO\Downloads\Otros\sc2020_right_others.model'
2026-05-30 20:08:16,045 - INFO - File moved: 'C:\Users\ALDO\Downloads\MEGA\PES 17 City Ground\PES 17 City Ground\ENG - City Ground\common\bg\model\bg\stadium\st191\model\sc2020_right_stand.model' --> 'C:\Users\ALDO\Downloads\Otros\sc2020_right_stand.model'
2026-05-30 20:08:16,046 - INFO - File moved: 'C:\Users\ALDO\Downloads\MEGA\PES 17 City Ground\PES 17 City Ground\ENG - City Ground\common\bg\model\bg\stadium\st191\model\st_back1.model' --> 'C:\Users\ALDO\Downloads\Otros\st_back1.model'
2026-05-30 20:08:16,046 - INFO - File moved: 'C:\Users\ALDO\Downloads\MEGA\PES 17 City Ground\PES 17 City Ground\ENG - City Ground\common\bg\model\bg\stadium\st191\model\st_back2.model' --> 'C:\Users\ALDO\Downloads\Otros\st_back2.model'
2026-05-30 20:08:16,047 - INFO - File moved: 'C:\Users\ALDO\Downloads\MEGA\PES 17 City Ground\PES 17 City Ground\ENG - City Ground\common\bg\model\bg\stadium\st191\model\st_back2_df_dr_nf_nr.model' --> 'C:\Users\ALDO\Downloads\Otros\st_back2_df_dr_nf_nr.model'
2026-05-30 20:08:16,048 - INFO - File moved: 'C:\Users\ALDO\Downloads\MEGA\PES 17 City Ground\PES 17 City Ground\ENG - City Ground\common\bg\model\bg\stadium\st191\model\st_back3.model' --> 'C:\Users\ALDO\Downloads\Otros\st_back3.model'
2026-05-30 20:08:16,048 - INFO - File moved: 'C:\Users\ALDO\Downloads\MEGA\PES 17 City Ground\PES 17 City Ground\ENG - City Ground\common\bg\model\bg\stadium\st191\model\st_center1.model' --> 'C:\Users\ALDO\Downloads\Otros\st_center1.model'
2026-05-30 20:08:16,049 - INFO - File moved: 'C:\Users\ALDO\Downloads\MEGA\PES 17 City Ground\PES 17 City Ground\ENG - City Ground\common\bg\model\bg\stadium\st191\model\st_front1.model' --> 'C:\Users\ALDO\Downloads\Otros\st_front1.model'
2026-05-30 20:08:16,050 - INFO - File moved: 'C:\Users\ALDO\Downloads\MEGA\PES 17 City Ground\PES 17 City Ground\ENG - City Ground\common\bg\model\bg\stadium\st191\model\st_front1_df_dr_nf_nr.model' --> 'C:\Users\ALDO\Downloads\Otros\st_front1_df_dr_nf_nr.model'
2026-05-30 20:08:16,050 - INFO - File moved: 'C:\Users\ALDO\Downloads\MEGA\PES 17 City Ground\PES 17 City Ground\ENG - City Ground\common\bg\model\bg\stadium\st191\model\st_front3.model' --> 'C:\Users\ALDO\Downloads\Otros\st_front3.model'
2026-05-30 20:08:16,051 - INFO - File moved: 'C:\Users\ALDO\Downloads\MEGA\PES 17 City Ground\PES 17 City Ground\ENG - City Ground\common\bg\model\bg\stadium\st191\model\st_left1.model' --> 'C:\Users\ALDO\Downloads\Otros\st_left1.model'
2026-05-30 20:08:16,052 - INFO - File moved: 'C:\Users\ALDO\Downloads\MEGA\PES 17 City Ground\PES 17 City Ground\ENG - City Ground\common\bg\model\bg\stadium\st191\model\st_left2.model' --> 'C:\Users\ALDO\Downloads\Otros\st_left2.model'
2026-05-30 20:08:16,053 - INFO - File moved: 'C:\Users\ALDO\Downloads\MEGA\PES 17 City Ground\PES 17 City Ground\ENG - City Ground\common\bg\model\bg\stadium\st191\model\st_left2_df_dr_nf_nr.model' --> 'C:\Users\ALDO\Downloads\Otros\st_left2_df_dr_nf_nr.model'
2026-05-30 20:08:16,054 - INFO - File moved: 'C:\Users\ALDO\Downloads\MEGA\PES 17 City Ground\PES 17 City Ground\ENG - City Ground\common\bg\model\bg\stadium\st191\model\st_left3.model' --> 'C:\Users\ALDO\Downloads\Otros\st_left3.model'
2026-05-30 20:08:16,055 - INFO - File moved: 'C:\Users\ALDO\Downloads\MEGA\PES 17 City Ground\PES 17 City Ground\ENG - City Ground\common\bg\model\bg\stadium\st191\model\st_right1.model' --> 'C:\Users\ALDO\Downloads\Otros\st_right1.model'
2026-05-30 20:08:16,056 - INFO - File moved: 'C:\Users\ALDO\Downloads\MEGA\PES 17 City Ground\PES 17 City Ground\ENG - City Ground\common\bg\model\bg\stadium\st191\model\st_right2.model' --> 'C:\Users\ALDO\Downloads\Otros\st_right2.model'
2026-05-30 20:08:16,057 - INFO - File moved: 'C:\Users\ALDO\Downloads\MEGA\PES 17 City Ground\PES 17 City Ground\ENG - City Ground\common\bg\model\bg\stadium\st191\model\st_right2_df_dr_nf_nr.model' --> 'C:\Users\ALDO\Downloads\Otros\st_right2_df_dr_nf_nr.model'
2026-05-30 20:08:16,058 - INFO - File moved: 'C:\Users\ALDO\Downloads\MEGA\PES 17 City Ground\PES 17 City Ground\ENG - City Ground\common\bg\model\bg\stadium\st191\model\st_right3.model' --> 'C:\Users\ALDO\Downloads\Otros\st_right3.model'
2026-05-30 20:08:16,058 - INFO - File moved: 'C:\Users\ALDO\Downloads\MEGA\PES 17 City Ground\PES 17 City Ground\ENG - City Ground\common\bg\model\bg\stadium\st191\model\tv_tv_00.model' --> 'C:\Users\ALDO\Downloads\Otros\tv_tv_00.model'
2026-05-30 20:08:16,059 - INFO - File moved: 'C:\Users\ALDO\Downloads\MEGA\PES 17 City Ground\PES 17 City Ground\ENG - City Ground\common\bg\model\bg\stadium\st191\model\tv_tv_01.model' --> 'C:\Users\ALDO\Downloads\Otros\tv_tv_01.model'
2026-05-30 20:08:16,060 - INFO - File moved: 'C:\Users\ALDO\Downloads\MEGA\PES 17 City Ground\PES 17 City Ground\ENG - City Ground\common\bg\model\bg\stadium\st191\texture\common\1979 Euro Banner_bsm.dds' --> 'C:\Users\ALDO\Downloads\Otros\1979 Euro Banner_bsm.dds'
2026-05-30 20:08:16,060 - INFO - File moved: 'C:\Users\ALDO\Downloads\MEGA\PES 17 City Ground\PES 17 City Ground\ENG - City Ground\common\bg\model\bg\stadium\st191\texture\common\1979 Euro Banner_nrm.dds' --> 'C:\Users\ALDO\Downloads\Otros\1979 Euro Banner_nrm.dds'
2026-05-30 20:08:16,061 - INFO - File moved: 'C:\Users\ALDO\Downloads\MEGA\PES 17 City Ground\PES 17 City Ground\ENG - City Ground\common\bg\model\bg\stadium\st191\texture\common\banner_bsm.dds' --> 'C:\Users\ALDO\Downloads\Otros\banner_bsm.dds'
2026-05-30 20:08:16,062 - INFO - File moved: 'C:\Users\ALDO\Downloads\MEGA\PES 17 City Ground\PES 17 City Ground\ENG - City Ground\common\bg\model\bg\stadium\st191\texture\common\banner_nrm.dds' --> 'C:\Users\ALDO\Downloads\Otros\banner_nrm.dds'
2026-05-30 20:08:16,062 - INFO - File moved: 'C:\Users\ALDO\Downloads\MEGA\PES 17 City Ground\PES 17 City Ground\ENG - City Ground\common\bg\model\bg\stadium\st191\texture\common\Bench Edit_bsm.dds' --> 'C:\Users\ALDO\Downloads\Otros\Bench Edit_bsm.dds'
2026-05-30 20:08:16,063 - INFO - File moved: 'C:\Users\ALDO\Downloads\MEGA\PES 17 City Ground\PES 17 City Ground\ENG - City Ground\common\bg\model\bg\stadium\st191\texture\common\Bench Edit_nrm.dds' --> 'C:\Users\ALDO\Downloads\Otros\Bench Edit_nrm.dds'
2026-05-30 20:08:16,063 - INFO - File moved: 'C:\Users\ALDO\Downloads\MEGA\PES 17 City Ground\PES 17 City Ground\ENG - City Ground\common\bg\model\bg\stadium\st191\texture\common\Bench Index_bsm.dds' --> 'C:\Users\ALDO\Downloads\Otros\Bench Index_bsm.dds'
2026-05-30 20:08:16,064 - INFO - File moved: 'C:\Users\ALDO\Downloads\MEGA\PES 17 City Ground\PES 17 City Ground\ENG - City Ground\common\bg\model\bg\stadium\st191\texture\common\Bench Index_nrm.dds' --> 'C:\Users\ALDO\Downloads\Otros\Bench Index_nrm.dds'
2026-05-30 20:08:16,065 - INFO - File moved: 'C:\Users\ALDO\Downloads\MEGA\PES 17 City Ground\PES 17 City Ground\ENG - City Ground\common\bg\model\bg\stadium\st191\texture\common\Boxt Banner_bsm.dds' --> 'C:\Users\ALDO\Downloads\Otros\Boxt Banner_bsm.dds'
2026-05-30 20:08:16,065 - INFO - File moved: 'C:\Users\ALDO\Downloads\MEGA\PES 17 City Ground\PES 17 City Ground\ENG - City Ground\common\bg\model\bg\stadium\st191\texture\common\Boxt Banner_nrm.dds' --> 'C:\Users\ALDO\Downloads\Otros\Boxt Banner_nrm.dds'
2026-05-30 20:08:16,066 - INFO - File moved: 'C:\Users\ALDO\Downloads\MEGA\PES 17 City Ground\PES 17 City Ground\ENG - City Ground\common\bg\model\bg\stadium\st191\texture\common\BOXT_bsm.dds' --> 'C:\Users\ALDO\Downloads\Otros\BOXT_bsm.dds'
2026-05-30 20:08:16,067 - INFO - File moved: 'C:\Users\ALDO\Downloads\MEGA\PES 17 City Ground\PES 17 City Ground\ENG - City Ground\common\bg\model\bg\stadium\st191\texture\common\BOXT_nrm.dds' --> 'C:\Users\ALDO\Downloads\Otros\BOXT_nrm.dds'
2026-05-30 20:08:16,067 - INFO - File moved: 'C:\Users\ALDO\Downloads\MEGA\PES 17 City Ground\PES 17 City Ground\ENG - City Ground\common\bg\model\bg\stadium\st191\texture\common\Brian Clough Stand_bsm.dds' --> 'C:\Users\ALDO\Downloads\Otros\Brian Clough Stand_bsm.dds'
2026-05-30 20:08:16,068 - INFO - File moved: 'C:\Users\ALDO\Downloads\MEGA\PES 17 City Ground\PES 17 City Ground\ENG - City Ground\common\bg\model\bg\stadium\st191\texture\common\Brian Clough Stand_nrm.dds' --> 'C:\Users\ALDO\Downloads\Otros\Brian Clough Stand_nrm.dds'
2026-05-30 20:08:16,069 - INFO - File moved: 'C:\Users\ALDO\Downloads\MEGA\PES 17 City Ground\PES 17 City Ground\ENG - City Ground\common\bg\model\bg\stadium\st191\texture\common\Bridgeford Stand_bsm.dds' --> 'C:\Users\ALDO\Downloads\Otros\Bridgeford Stand_bsm.dds'
2026-05-30 20:08:16,070 - INFO - File moved: 'C:\Users\ALDO\Downloads\MEGA\PES 17 City Ground\PES 17 City Ground\ENG - City Ground\common\bg\model\bg\stadium\st191\texture\common\Bridgeford Stand_nrm.dds' --> 'C:\Users\ALDO\Downloads\Otros\Bridgeford Stand_nrm.dds'
2026-05-30 20:08:16,070 - INFO - File moved: 'C:\Users\ALDO\Downloads\MEGA\PES 17 City Ground\PES 17 City Ground\ENG - City Ground\common\bg\model\bg\stadium\st191\texture\common\cm004_bg_tree002_cmem_bsm_bsm.dds' --> 'C:\Users\ALDO\Downloads\Otros\cm004_bg_tree002_cmem_bsm_bsm.dds'
2026-05-30 20:08:16,072 - INFO - File moved: 'C:\Users\ALDO\Downloads\MEGA\PES 17 City Ground\PES 17 City Ground\ENG - City Ground\common\bg\model\bg\stadium\st191\texture\common\cm004_bg_tree002_cmem_bsm_nrm.dds' --> 'C:\Users\ALDO\Downloads\Otros\cm004_bg_tree002_cmem_bsm_nrm.dds'
2026-05-30 20:08:16,073 - INFO - File moved: 'C:\Users\ALDO\Downloads\MEGA\PES 17 City Ground\PES 17 City Ground\ENG - City Ground\common\bg\model\bg\stadium\st191\texture\common\cm059_h_tree017_bsm_alp_bsm.dds' --> 'C:\Users\ALDO\Downloads\Otros\cm059_h_tree017_bsm_alp_bsm.dds'
2026-05-30 20:08:16,073 - INFO - File moved: 'C:\Users\ALDO\Downloads\MEGA\PES 17 City Ground\PES 17 City Ground\ENG - City Ground\common\bg\model\bg\stadium\st191\texture\common\cm059_h_tree017_bsm_alp_nrm.dds' --> 'C:\Users\ALDO\Downloads\Otros\cm059_h_tree017_bsm_alp_nrm.dds'
2026-05-30 20:08:16,074 - INFO - File moved: 'C:\Users\ALDO\Downloads\MEGA\PES 17 City Ground\PES 17 City Ground\ENG - City Ground\common\bg\model\bg\stadium\st191\texture\common\cm059_h_tree018_bsm_alp_bsm.dds' --> 'C:\Users\ALDO\Downloads\Otros\cm059_h_tree018_bsm_alp_bsm.dds'
2026-05-30 20:08:16,075 - INFO - File moved: 'C:\Users\ALDO\Downloads\MEGA\PES 17 City Ground\PES 17 City Ground\ENG - City Ground\common\bg\model\bg\stadium\st191\texture\common\cm059_h_tree018_bsm_alp_nrm.dds' --> 'C:\Users\ALDO\Downloads\Otros\cm059_h_tree018_bsm_alp_nrm.dds'
2026-05-30 20:08:16,075 - INFO - File moved: 'C:\Users\ALDO\Downloads\MEGA\PES 17 City Ground\PES 17 City Ground\ENG - City Ground\common\bg\model\bg\stadium\st191\texture\common\cm059_h_tree018_bsm_alp_trm.dds' --> 'C:\Users\ALDO\Downloads\Otros\cm059_h_tree018_bsm_alp_trm.dds'
2026-05-30 20:08:16,076 - INFO - File moved: 'C:\Users\ALDO\Downloads\MEGA\PES 17 City Ground\PES 17 City Ground\ENG - City Ground\common\bg\model\bg\stadium\st191\texture\common\Family Stand_bsm.dds' --> 'C:\Users\ALDO\Downloads\Otros\Family Stand_bsm.dds'
2026-05-30 20:08:16,077 - INFO - File moved: 'C:\Users\ALDO\Downloads\MEGA\PES 17 City Ground\PES 17 City Ground\ENG - City Ground\common\bg\model\bg\stadium\st191\texture\common\Family Stand_nrm.dds' --> 'C:\Users\ALDO\Downloads\Otros\Family Stand_nrm.dds'
2026-05-30 20:08:16,077 - INFO - File moved: 'C:\Users\ALDO\Downloads\MEGA\PES 17 City Ground\PES 17 City Ground\ENG - City Ground\common\bg\model\bg\stadium\st191\texture\common\Fan Divider_bsm.dds' --> 'C:\Users\ALDO\Downloads\Otros\Fan Divider_bsm.dds'
2026-05-30 20:08:16,078 - INFO - File moved: 'C:\Users\ALDO\Downloads\MEGA\PES 17 City Ground\PES 17 City Ground\ENG - City Ground\common\bg\model\bg\stadium\st191\texture\common\Fan Divider_nrm.dds' --> 'C:\Users\ALDO\Downloads\Otros\Fan Divider_nrm.dds'
2026-05-30 20:08:16,079 - INFO - File moved: 'C:\Users\ALDO\Downloads\MEGA\PES 17 City Ground\PES 17 City Ground\ENG - City Ground\common\bg\model\bg\stadium\st191\texture\common\Floor_bsm.dds' --> 'C:\Users\ALDO\Downloads\Otros\Floor_bsm.dds'
2026-05-30 20:08:16,079 - INFO - File moved: 'C:\Users\ALDO\Downloads\MEGA\PES 17 City Ground\PES 17 City Ground\ENG - City Ground\common\bg\model\bg\stadium\st191\texture\common\Floor_nrm.dds' --> 'C:\Users\ALDO\Downloads\Otros\Floor_nrm.dds'
2026-05-30 20:08:16,080 - INFO - File moved: 'C:\Users\ALDO\Downloads\MEGA\PES 17 City Ground\PES 17 City Ground\ENG - City Ground\common\bg\model\bg\stadium\st191\texture\common\Football Index Banner2_bsm.dds' --> 'C:\Users\ALDO\Downloads\Otros\Football Index Banner2_bsm.dds'
2026-05-30 20:08:16,080 - INFO - File moved: 'C:\Users\ALDO\Downloads\MEGA\PES 17 City Ground\PES 17 City Ground\ENG - City Ground\common\bg\model\bg\stadium\st191\texture\common\Football Index Banner2_nrm.dds' --> 'C:\Users\ALDO\Downloads\Otros\Football Index Banner2_nrm.dds'
2026-05-30 20:08:16,081 - INFO - File moved: 'C:\Users\ALDO\Downloads\MEGA\PES 17 City Ground\PES 17 City Ground\ENG - City Ground\common\bg\model\bg\stadium\st191\texture\common\Football Index Banner_bsm.dds' --> 'C:\Users\ALDO\Downloads\Otros\Football Index Banner_bsm.dds'
2026-05-30 20:08:16,082 - INFO - File moved: 'C:\Users\ALDO\Downloads\MEGA\PES 17 City Ground\PES 17 City Ground\ENG - City Ground\common\bg\model\bg\stadium\st191\texture\common\Football Index Banner_nrm.dds' --> 'C:\Users\ALDO\Downloads\Otros\Football Index Banner_nrm.dds'
2026-05-30 20:08:16,082 - INFO - File moved: 'C:\Users\ALDO\Downloads\MEGA\PES 17 City Ground\PES 17 City Ground\ENG - City Ground\common\bg\model\bg\stadium\st191\texture\common\Garibaldi_bsm.dds' --> 'C:\Users\ALDO\Downloads\Otros\Garibaldi_bsm.dds'
2026-05-30 20:08:16,083 - INFO - File moved: 'C:\Users\ALDO\Downloads\MEGA\PES 17 City Ground\PES 17 City Ground\ENG - City Ground\common\bg\model\bg\stadium\st191\texture\common\Garibaldi_nrm.dds' --> 'C:\Users\ALDO\Downloads\Otros\Garibaldi_nrm.dds'
2026-05-30 20:08:16,084 - INFO - File moved: 'C:\Users\ALDO\Downloads\MEGA\PES 17 City Ground\PES 17 City Ground\ENG - City Ground\common\bg\model\bg\stadium\st191\texture\common\glass_clear_color_bsm.dds' --> 'C:\Users\ALDO\Downloads\Otros\glass_clear_color_bsm.dds'
2026-05-30 20:08:16,084 - INFO - File moved: 'C:\Users\ALDO\Downloads\MEGA\PES 17 City Ground\PES 17 City Ground\ENG - City Ground\common\bg\model\bg\stadium\st191\texture\common\glass_clear_color_nrm.dds' --> 'C:\Users\ALDO\Downloads\Otros\glass_clear_color_nrm.dds'
2026-05-30 20:08:16,085 - INFO - File moved: 'C:\Users\ALDO\Downloads\MEGA\PES 17 City Ground\PES 17 City Ground\ENG - City Ground\common\bg\model\bg\stadium\st191\texture\common\Heineken_bsm.dds' --> 'C:\Users\ALDO\Downloads\Otros\Heineken_bsm.dds'
2026-05-30 20:08:16,086 - INFO - File moved: 'C:\Users\ALDO\Downloads\MEGA\PES 17 City Ground\PES 17 City Ground\ENG - City Ground\common\bg\model\bg\stadium\st191\texture\common\Heineken_nrm.dds' --> 'C:\Users\ALDO\Downloads\Otros\Heineken_nrm.dds'
2026-05-30 20:08:16,087 - INFO - File moved: 'C:\Users\ALDO\Downloads\MEGA\PES 17 City Ground\PES 17 City Ground\ENG - City Ground\common\bg\model\bg\stadium\st191\texture\common\Honours2_bsm.dds' --> 'C:\Users\ALDO\Downloads\Otros\Honours2_bsm.dds'
2026-05-30 20:08:16,087 - INFO - File moved: 'C:\Users\ALDO\Downloads\MEGA\PES 17 City Ground\PES 17 City Ground\ENG - City Ground\common\bg\model\bg\stadium\st191\texture\common\Honours2_nrm.dds' --> 'C:\Users\ALDO\Downloads\Otros\Honours2_nrm.dds'
2026-05-30 20:08:16,088 - INFO - File moved: 'C:\Users\ALDO\Downloads\MEGA\PES 17 City Ground\PES 17 City Ground\ENG - City Ground\common\bg\model\bg\stadium\st191\texture\common\Honours_bsm.dds' --> 'C:\Users\ALDO\Downloads\Otros\Honours_bsm.dds'
2026-05-30 20:08:16,089 - INFO - File moved: 'C:\Users\ALDO\Downloads\MEGA\PES 17 City Ground\PES 17 City Ground\ENG - City Ground\common\bg\model\bg\stadium\st191\texture\common\Honours_nrm.dds' --> 'C:\Users\ALDO\Downloads\Otros\Honours_nrm.dds'
2026-05-30 20:08:16,090 - INFO - File moved: 'C:\Users\ALDO\Downloads\MEGA\PES 17 City Ground\PES 17 City Ground\ENG - City Ground\common\bg\model\bg\stadium\st191\texture\common\Ideagen_bsm.dds' --> 'C:\Users\ALDO\Downloads\Otros\Ideagen_bsm.dds'
2026-05-30 20:08:16,090 - INFO - File moved: 'C:\Users\ALDO\Downloads\MEGA\PES 17 City Ground\PES 17 City Ground\ENG - City Ground\common\bg\model\bg\stadium\st191\texture\common\Ideagen_nrm.dds' --> 'C:\Users\ALDO\Downloads\Otros\Ideagen_nrm.dds'
2026-05-30 20:08:16,091 - INFO - File moved: 'C:\Users\ALDO\Downloads\MEGA\PES 17 City Ground\PES 17 City Ground\ENG - City Ground\common\bg\model\bg\stadium\st191\texture\common\line_alp_bsm.dds' --> 'C:\Users\ALDO\Downloads\Otros\line_alp_bsm.dds'
2026-05-30 20:08:16,091 - INFO - File moved: 'C:\Users\ALDO\Downloads\MEGA\PES 17 City Ground\PES 17 City Ground\ENG - City Ground\common\bg\model\bg\stadium\st191\texture\common\line_alp_nrm.dds' --> 'C:\Users\ALDO\Downloads\Otros\line_alp_nrm.dds'
2026-05-30 20:08:16,092 - INFO - File moved: 'C:\Users\ALDO\Downloads\MEGA\PES 17 City Ground\PES 17 City Ground\ENG - City Ground\common\bg\model\bg\stadium\st191\texture\common\Main Camera box_bsm.dds' --> 'C:\Users\ALDO\Downloads\Otros\Main Camera box_bsm.dds'
2026-05-30 20:08:16,093 - INFO - File moved: 'C:\Users\ALDO\Downloads\MEGA\PES 17 City Ground\PES 17 City Ground\ENG - City Ground\common\bg\model\bg\stadium\st191\texture\common\Main Camera box_nrm.dds' --> 'C:\Users\ALDO\Downloads\Otros\Main Camera box_nrm.dds'
2026-05-30 20:08:16,093 - INFO - File moved: 'C:\Users\ALDO\Downloads\MEGA\PES 17 City Ground\PES 17 City Ground\ENG - City Ground\common\bg\model\bg\stadium\st191\texture\common\Mic_bsm.dds' --> 'C:\Users\ALDO\Downloads\Otros\Mic_bsm.dds'
2026-05-30 20:08:16,094 - INFO - File moved: 'C:\Users\ALDO\Downloads\MEGA\PES 17 City Ground\PES 17 City Ground\ENG - City Ground\common\bg\model\bg\stadium\st191\texture\common\Mic_nrm.dds' --> 'C:\Users\ALDO\Downloads\Otros\Mic_nrm.dds'
2026-05-30 20:08:16,094 - INFO - File moved: 'C:\Users\ALDO\Downloads\MEGA\PES 17 City Ground\PES 17 City Ground\ENG - City Ground\common\bg\model\bg\stadium\st191\texture\common\New Honours_bsm.dds' --> 'C:\Users\ALDO\Downloads\Otros\New Honours_bsm.dds'
2026-05-30 20:08:16,095 - INFO - File moved: 'C:\Users\ALDO\Downloads\MEGA\PES 17 City Ground\PES 17 City Ground\ENG - City Ground\common\bg\model\bg\stadium\st191\texture\common\New Honours_nrm.dds' --> 'C:\Users\ALDO\Downloads\Otros\New Honours_nrm.dds'
2026-05-30 20:08:16,096 - INFO - File moved: 'C:\Users\ALDO\Downloads\MEGA\PES 17 City Ground\PES 17 City Ground\ENG - City Ground\common\bg\model\bg\stadium\st191\texture\common\Recaro_bsm.dds' --> 'C:\Users\ALDO\Downloads\Otros\Recaro_bsm.dds'
2026-05-30 20:08:16,096 - INFO - File moved: 'C:\Users\ALDO\Downloads\MEGA\PES 17 City Ground\PES 17 City Ground\ENG - City Ground\common\bg\model\bg\stadium\st191\texture\common\Recaro_nrm.dds' --> 'C:\Users\ALDO\Downloads\Otros\Recaro_nrm.dds'
2026-05-30 20:08:16,097 - INFO - File moved: 'C:\Users\ALDO\Downloads\MEGA\PES 17 City Ground\PES 17 City Ground\ENG - City Ground\common\bg\model\bg\stadium\st191\texture\common\Red_bsm.dds' --> 'C:\Users\ALDO\Downloads\Otros\Red_bsm.dds'
2026-05-30 20:08:16,097 - INFO - File moved: 'C:\Users\ALDO\Downloads\MEGA\PES 17 City Ground\PES 17 City Ground\ENG - City Ground\common\bg\model\bg\stadium\st191\texture\common\Red_nrm.dds' --> 'C:\Users\ALDO\Downloads\Otros\Red_nrm.dds'
2026-05-30 20:08:16,098 - INFO - File moved: 'C:\Users\ALDO\Downloads\MEGA\PES 17 City Ground\PES 17 City Ground\ENG - City Ground\common\bg\model\bg\stadium\st191\texture\common\st001_glas010_bsm_alp_bsm.dds' --> 'C:\Users\ALDO\Downloads\Otros\st001_glas010_bsm_alp_bsm.dds'
2026-05-30 20:08:16,098 - INFO - File moved: 'C:\Users\ALDO\Downloads\MEGA\PES 17 City Ground\PES 17 City Ground\ENG - City Ground\common\bg\model\bg\stadium\st191\texture\common\st001_glas010_bsm_alp_nrm.dds' --> 'C:\Users\ALDO\Downloads\Otros\st001_glas010_bsm_alp_nrm.dds'
2026-05-30 20:08:16,099 - INFO - File moved: 'C:\Users\ALDO\Downloads\MEGA\PES 17 City Ground\PES 17 City Ground\ENG - City Ground\common\bg\model\bg\stadium\st191\texture\common\st009_glas001_bsm_alp_bsm.dds' --> 'C:\Users\ALDO\Downloads\Otros\st009_glas001_bsm_alp_bsm.dds'
2026-05-30 20:08:16,099 - INFO - File moved: 'C:\Users\ALDO\Downloads\MEGA\PES 17 City Ground\PES 17 City Ground\ENG - City Ground\common\bg\model\bg\stadium\st191\texture\common\st009_glas001_bsm_alp_nrm.dds' --> 'C:\Users\ALDO\Downloads\Otros\st009_glas001_bsm_alp_nrm.dds'
2026-05-30 20:08:16,100 - INFO - File moved: 'C:\Users\ALDO\Downloads\MEGA\PES 17 City Ground\PES 17 City Ground\ENG - City Ground\common\bg\model\bg\stadium\st191\texture\common\st009_glas002_bsm_bsm.dds' --> 'C:\Users\ALDO\Downloads\Otros\st009_glas002_bsm_bsm.dds'
2026-05-30 20:08:16,101 - INFO - File moved: 'C:\Users\ALDO\Downloads\MEGA\PES 17 City Ground\PES 17 City Ground\ENG - City Ground\common\bg\model\bg\stadium\st191\texture\common\st009_glas002_bsm_nrm.dds' --> 'C:\Users\ALDO\Downloads\Otros\st009_glas002_bsm_nrm.dds'
2026-05-30 20:08:16,101 - INFO - File moved: 'C:\Users\ALDO\Downloads\MEGA\PES 17 City Ground\PES 17 City Ground\ENG - City Ground\common\bg\model\bg\stadium\st191\texture\common\st009_glas003_bsm_alp_bsm.dds' --> 'C:\Users\ALDO\Downloads\Otros\st009_glas003_bsm_alp_bsm.dds'
2026-05-30 20:08:16,102 - INFO - File moved: 'C:\Users\ALDO\Downloads\MEGA\PES 17 City Ground\PES 17 City Ground\ENG - City Ground\common\bg\model\bg\stadium\st191\texture\common\st009_glas003_bsm_alp_nrm.dds' --> 'C:\Users\ALDO\Downloads\Otros\st009_glas003_bsm_alp_nrm.dds'
2026-05-30 20:08:16,102 - INFO - File moved: 'C:\Users\ALDO\Downloads\MEGA\PES 17 City Ground\PES 17 City Ground\ENG - City Ground\common\bg\model\bg\stadium\st191\texture\common\st009_glas004_bsm_alp_bsm.dds' --> 'C:\Users\ALDO\Downloads\Otros\st009_glas004_bsm_alp_bsm.dds'
2026-05-30 20:08:16,103 - INFO - File moved: 'C:\Users\ALDO\Downloads\MEGA\PES 17 City Ground\PES 17 City Ground\ENG - City Ground\common\bg\model\bg\stadium\st191\texture\common\st009_glas004_bsm_alp_nrm.dds' --> 'C:\Users\ALDO\Downloads\Otros\st009_glas004_bsm_alp_nrm.dds'
2026-05-30 20:08:16,104 - INFO - File moved: 'C:\Users\ALDO\Downloads\MEGA\PES 17 City Ground\PES 17 City Ground\ENG - City Ground\common\bg\model\bg\stadium\st191\texture\common\st045_field_bsm_ed03_bsm.dds' --> 'C:\Users\ALDO\Downloads\Otros\st045_field_bsm_ed03_bsm.dds'
2026-05-30 20:08:16,105 - INFO - File moved: 'C:\Users\ALDO\Downloads\MEGA\PES 17 City Ground\PES 17 City Ground\ENG - City Ground\common\bg\model\bg\stadium\st191\texture\common\st045_field_bsm_ed03_nrm.dds' --> 'C:\Users\ALDO\Downloads\Otros\st045_field_bsm_ed03_nrm.dds'
2026-05-30 20:08:16,106 - INFO - File moved: 'C:\Users\ALDO\Downloads\MEGA\PES 17 City Ground\PES 17 City Ground\ENG - City Ground\common\bg\model\bg\stadium\st191\texture\common\st046_field_bsm_ed05_bsm.dds' --> 'C:\Users\ALDO\Downloads\Otros\st046_field_bsm_ed05_bsm.dds'
2026-05-30 20:08:16,107 - INFO - File moved: 'C:\Users\ALDO\Downloads\MEGA\PES 17 City Ground\PES 17 City Ground\ENG - City Ground\common\bg\model\bg\stadium\st191\texture\common\st046_field_bsm_ed05_nrm.dds' --> 'C:\Users\ALDO\Downloads\Otros\st046_field_bsm_ed05_nrm.dds'
2026-05-30 20:08:16,107 - INFO - File moved: 'C:\Users\ALDO\Downloads\MEGA\PES 17 City Ground\PES 17 City Ground\ENG - City Ground\common\bg\model\bg\stadium\st191\texture\common\st052_bnch340_bsm_bsm.dds' --> 'C:\Users\ALDO\Downloads\Otros\st052_bnch340_bsm_bsm.dds'
2026-05-30 20:08:16,108 - INFO - File moved: 'C:\Users\ALDO\Downloads\MEGA\PES 17 City Ground\PES 17 City Ground\ENG - City Ground\common\bg\model\bg\stadium\st191\texture\common\st052_bnch340_bsm_nrm.dds' --> 'C:\Users\ALDO\Downloads\Otros\st052_bnch340_bsm_nrm.dds'
2026-05-30 20:08:16,108 - INFO - File moved: 'C:\Users\ALDO\Downloads\MEGA\PES 17 City Ground\PES 17 City Ground\ENG - City Ground\common\bg\model\bg\stadium\st191\texture\common\st052_bnch350_bsm_bsm.dds' --> 'C:\Users\ALDO\Downloads\Otros\st052_bnch350_bsm_bsm.dds'
2026-05-30 20:08:16,109 - INFO - File moved: 'C:\Users\ALDO\Downloads\MEGA\PES 17 City Ground\PES 17 City Ground\ENG - City Ground\common\bg\model\bg\stadium\st191\texture\common\st052_bnch350_bsm_nrm.dds' --> 'C:\Users\ALDO\Downloads\Otros\st052_bnch350_bsm_nrm.dds'
2026-05-30 20:08:16,109 - INFO - File moved: 'C:\Users\ALDO\Downloads\MEGA\PES 17 City Ground\PES 17 City Ground\ENG - City Ground\common\bg\model\bg\stadium\st191\texture\common\Texture_006_bsm.dds' --> 'C:\Users\ALDO\Downloads\Otros\Texture_006_bsm.dds'
2026-05-30 20:08:16,110 - INFO - File moved: 'C:\Users\ALDO\Downloads\MEGA\PES 17 City Ground\PES 17 City Ground\ENG - City Ground\common\bg\model\bg\stadium\st191\texture\common\Texture_006_nrm.dds' --> 'C:\Users\ALDO\Downloads\Otros\Texture_006_nrm.dds'
2026-05-30 20:08:16,110 - INFO - File moved: 'C:\Users\ALDO\Downloads\MEGA\PES 17 City Ground\PES 17 City Ground\ENG - City Ground\common\bg\model\bg\stadium\st191\texture\common\Texture_007_bsm.dds' --> 'C:\Users\ALDO\Downloads\Otros\Texture_007_bsm.dds'
2026-05-30 20:08:16,111 - INFO - File moved: 'C:\Users\ALDO\Downloads\MEGA\PES 17 City Ground\PES 17 City Ground\ENG - City Ground\common\bg\model\bg\stadium\st191\texture\common\Texture_007_nrm.dds' --> 'C:\Users\ALDO\Downloads\Otros\Texture_007_nrm.dds'
2026-05-30 20:08:16,111 - INFO - File moved: 'C:\Users\ALDO\Downloads\MEGA\PES 17 City Ground\PES 17 City Ground\ENG - City Ground\common\bg\model\bg\stadium\st191\texture\common\Texture_010_bsm.dds' --> 'C:\Users\ALDO\Downloads\Otros\Texture_010_bsm.dds'
2026-05-30 20:08:16,112 - INFO - File moved: 'C:\Users\ALDO\Downloads\MEGA\PES 17 City Ground\PES 17 City Ground\ENG - City Ground\common\bg\model\bg\stadium\st191\texture\common\Texture_010_nrm.dds' --> 'C:\Users\ALDO\Downloads\Otros\Texture_010_nrm.dds'
2026-05-30 20:08:16,112 - INFO - File moved: 'C:\Users\ALDO\Downloads\MEGA\PES 17 City Ground\PES 17 City Ground\ENG - City Ground\common\bg\model\bg\stadium\st191\texture\common\Texture_015_bsm.dds' --> 'C:\Users\ALDO\Downloads\Otros\Texture_015_bsm.dds'
2026-05-30 20:08:16,113 - INFO - File moved: 'C:\Users\ALDO\Downloads\MEGA\PES 17 City Ground\PES 17 City Ground\ENG - City Ground\common\bg\model\bg\stadium\st191\texture\common\Texture_015_nrm.dds' --> 'C:\Users\ALDO\Downloads\Otros\Texture_015_nrm.dds'
2026-05-30 20:08:16,113 - INFO - File moved: 'C:\Users\ALDO\Downloads\MEGA\PES 17 City Ground\PES 17 City Ground\ENG - City Ground\common\bg\model\bg\stadium\st191\texture\common\Texture_025_bsm.dds' --> 'C:\Users\ALDO\Downloads\Otros\Texture_025_bsm.dds'
2026-05-30 20:08:16,114 - INFO - File moved: 'C:\Users\ALDO\Downloads\MEGA\PES 17 City Ground\PES 17 City Ground\ENG - City Ground\common\bg\model\bg\stadium\st191\texture\common\Texture_025_nrm.dds' --> 'C:\Users\ALDO\Downloads\Otros\Texture_025_nrm.dds'
2026-05-30 20:08:16,115 - INFO - File moved: 'C:\Users\ALDO\Downloads\MEGA\PES 17 City Ground\PES 17 City Ground\ENG - City Ground\common\bg\model\bg\stadium\st191\texture\common\Texture_031_bsm.dds' --> 'C:\Users\ALDO\Downloads\Otros\Texture_031_bsm.dds'
2026-05-30 20:08:16,115 - INFO - File moved: 'C:\Users\ALDO\Downloads\MEGA\PES 17 City Ground\PES 17 City Ground\ENG - City Ground\common\bg\model\bg\stadium\st191\texture\common\Texture_031_nrm.dds' --> 'C:\Users\ALDO\Downloads\Otros\Texture_031_nrm.dds'
2026-05-30 20:08:16,115 - INFO - File moved: 'C:\Users\ALDO\Downloads\MEGA\PES 17 City Ground\PES 17 City Ground\ENG - City Ground\common\bg\model\bg\stadium\st191\texture\common\Texture_045_bsm.dds' --> 'C:\Users\ALDO\Downloads\Otros\Texture_045_bsm.dds'
2026-05-30 20:08:16,116 - INFO - File moved: 'C:\Users\ALDO\Downloads\MEGA\PES 17 City Ground\PES 17 City Ground\ENG - City Ground\common\bg\model\bg\stadium\st191\texture\common\Texture_045_nrm.dds' --> 'C:\Users\ALDO\Downloads\Otros\Texture_045_nrm.dds'
2026-05-30 20:08:16,117 - INFO - File moved: 'C:\Users\ALDO\Downloads\MEGA\PES 17 City Ground\PES 17 City Ground\ENG - City Ground\common\bg\model\bg\stadium\st191\texture\common\Texture_053_bsm.dds' --> 'C:\Users\ALDO\Downloads\Otros\Texture_053_bsm.dds'
2026-05-30 20:08:16,117 - INFO - File moved: 'C:\Users\ALDO\Downloads\MEGA\PES 17 City Ground\PES 17 City Ground\ENG - City Ground\common\bg\model\bg\stadium\st191\texture\common\Texture_053_nrm.dds' --> 'C:\Users\ALDO\Downloads\Otros\Texture_053_nrm.dds'
2026-05-30 20:08:16,118 - INFO - File moved: 'C:\Users\ALDO\Downloads\MEGA\PES 17 City Ground\PES 17 City Ground\ENG - City Ground\common\bg\model\bg\stadium\st191\texture\common\Texture_057_bsm.dds' --> 'C:\Users\ALDO\Downloads\Otros\Texture_057_bsm.dds'
2026-05-30 20:08:16,119 - INFO - File moved: 'C:\Users\ALDO\Downloads\MEGA\PES 17 City Ground\PES 17 City Ground\ENG - City Ground\common\bg\model\bg\stadium\st191\texture\common\Texture_057_nrm.dds' --> 'C:\Users\ALDO\Downloads\Otros\Texture_057_nrm.dds'
2026-05-30 20:08:16,120 - INFO - File moved: 'C:\Users\ALDO\Downloads\MEGA\PES 17 City Ground\PES 17 City Ground\ENG - City Ground\common\bg\model\bg\stadium\st191\texture\common\Texture_060_bsm.dds' --> 'C:\Users\ALDO\Downloads\Otros\Texture_060_bsm.dds'
2026-05-30 20:08:16,120 - INFO - File moved: 'C:\Users\ALDO\Downloads\MEGA\PES 17 City Ground\PES 17 City Ground\ENG - City Ground\common\bg\model\bg\stadium\st191\texture\common\Texture_060_nrm.dds' --> 'C:\Users\ALDO\Downloads\Otros\Texture_060_nrm.dds'
2026-05-30 20:08:16,121 - INFO - File moved: 'C:\Users\ALDO\Downloads\MEGA\PES 17 City Ground\PES 17 City Ground\ENG - City Ground\common\bg\model\bg\stadium\st191\texture\common\Texture_098_bsm.dds' --> 'C:\Users\ALDO\Downloads\Otros\Texture_098_bsm.dds'
2026-05-30 20:08:16,122 - INFO - File moved: 'C:\Users\ALDO\Downloads\MEGA\PES 17 City Ground\PES 17 City Ground\ENG - City Ground\common\bg\model\bg\stadium\st191\texture\common\Texture_098_nrm.dds' --> 'C:\Users\ALDO\Downloads\Otros\Texture_098_nrm.dds'
2026-05-30 20:08:16,123 - INFO - File moved: 'C:\Users\ALDO\Downloads\MEGA\PES 17 City Ground\PES 17 City Ground\ENG - City Ground\common\bg\model\bg\stadium\st191\texture\common\Texture_102_bsm.dds' --> 'C:\Users\ALDO\Downloads\Otros\Texture_102_bsm.dds'
2026-05-30 20:08:16,124 - INFO - File moved: 'C:\Users\ALDO\Downloads\MEGA\PES 17 City Ground\PES 17 City Ground\ENG - City Ground\common\bg\model\bg\stadium\st191\texture\common\Texture_102_nrm.dds' --> 'C:\Users\ALDO\Downloads\Otros\Texture_102_nrm.dds'
2026-05-30 20:08:16,124 - INFO - File moved: 'C:\Users\ALDO\Downloads\MEGA\PES 17 City Ground\PES 17 City Ground\ENG - City Ground\common\bg\model\bg\stadium\st191\texture\common\Texture_104_bsm.dds' --> 'C:\Users\ALDO\Downloads\Otros\Texture_104_bsm.dds'
2026-05-30 20:08:16,125 - INFO - File moved: 'C:\Users\ALDO\Downloads\MEGA\PES 17 City Ground\PES 17 City Ground\ENG - City Ground\common\bg\model\bg\stadium\st191\texture\common\Texture_104_nrm.dds' --> 'C:\Users\ALDO\Downloads\Otros\Texture_104_nrm.dds'
2026-05-30 20:08:16,125 - INFO - File moved: 'C:\Users\ALDO\Downloads\MEGA\PES 17 City Ground\PES 17 City Ground\ENG - City Ground\common\bg\model\bg\stadium\st191\texture\common\Texture_156_bsm.dds' --> 'C:\Users\ALDO\Downloads\Otros\Texture_156_bsm.dds'
2026-05-30 20:08:16,126 - INFO - File moved: 'C:\Users\ALDO\Downloads\MEGA\PES 17 City Ground\PES 17 City Ground\ENG - City Ground\common\bg\model\bg\stadium\st191\texture\common\Texture_156_nrm.dds' --> 'C:\Users\ALDO\Downloads\Otros\Texture_156_nrm.dds'
2026-05-30 20:08:16,126 - INFO - File moved: 'C:\Users\ALDO\Downloads\MEGA\PES 17 City Ground\PES 17 City Ground\ENG - City Ground\common\bg\model\bg\stadium\st191\texture\common\Texture_158_bsm.dds' --> 'C:\Users\ALDO\Downloads\Otros\Texture_158_bsm.dds'
2026-05-30 20:08:16,127 - INFO - File moved: 'C:\Users\ALDO\Downloads\MEGA\PES 17 City Ground\PES 17 City Ground\ENG - City Ground\common\bg\model\bg\stadium\st191\texture\common\Texture_158_nrm.dds' --> 'C:\Users\ALDO\Downloads\Otros\Texture_158_nrm.dds'
2026-05-30 20:08:16,127 - INFO - File moved: 'C:\Users\ALDO\Downloads\MEGA\PES 17 City Ground\PES 17 City Ground\ENG - City Ground\common\bg\model\bg\stadium\st191\texture\common\Texture_160_bsm.dds' --> 'C:\Users\ALDO\Downloads\Otros\Texture_160_bsm.dds'
2026-05-30 20:08:16,128 - INFO - File moved: 'C:\Users\ALDO\Downloads\MEGA\PES 17 City Ground\PES 17 City Ground\ENG - City Ground\common\bg\model\bg\stadium\st191\texture\common\Texture_160_nrm.dds' --> 'C:\Users\ALDO\Downloads\Otros\Texture_160_nrm.dds'
2026-05-30 20:08:16,129 - INFO - File moved: 'C:\Users\ALDO\Downloads\MEGA\PES 17 City Ground\PES 17 City Ground\ENG - City Ground\common\bg\model\bg\stadium\st191\texture\common\Texture_2304_bsm.dds' --> 'C:\Users\ALDO\Downloads\Otros\Texture_2304_bsm.dds'
2026-05-30 20:08:16,130 - INFO - File moved: 'C:\Users\ALDO\Downloads\MEGA\PES 17 City Ground\PES 17 City Ground\ENG - City Ground\common\bg\model\bg\stadium\st191\texture\common\Texture_2304_nrm.dds' --> 'C:\Users\ALDO\Downloads\Otros\Texture_2304_nrm.dds'
2026-05-30 20:08:16,130 - INFO - File moved: 'C:\Users\ALDO\Downloads\MEGA\PES 17 City Ground\PES 17 City Ground\ENG - City Ground\common\bg\model\bg\stadium\st191\texture\common\Texture_2306_bsm.dds' --> 'C:\Users\ALDO\Downloads\Otros\Texture_2306_bsm.dds'
2026-05-30 20:08:16,131 - INFO - File moved: 'C:\Users\ALDO\Downloads\MEGA\PES 17 City Ground\PES 17 City Ground\ENG - City Ground\common\bg\model\bg\stadium\st191\texture\common\Texture_2306_nrm.dds' --> 'C:\Users\ALDO\Downloads\Otros\Texture_2306_nrm.dds'
2026-05-30 20:08:16,132 - INFO - File moved: 'C:\Users\ALDO\Downloads\MEGA\PES 17 City Ground\PES 17 City Ground\ENG - City Ground\common\bg\model\bg\stadium\st191\texture\common\Texture_2310_bsm.dds' --> 'C:\Users\ALDO\Downloads\Otros\Texture_2310_bsm.dds'
2026-05-30 20:08:16,132 - INFO - File moved: 'C:\Users\ALDO\Downloads\MEGA\PES 17 City Ground\PES 17 City Ground\ENG - City Ground\common\bg\model\bg\stadium\st191\texture\common\Texture_2310_nrm.dds' --> 'C:\Users\ALDO\Downloads\Otros\Texture_2310_nrm.dds'
2026-05-30 20:08:16,133 - INFO - File moved: 'C:\Users\ALDO\Downloads\MEGA\PES 17 City Ground\PES 17 City Ground\ENG - City Ground\common\bg\model\bg\stadium\st191\texture\common\Texture_2321_bsm.dds' --> 'C:\Users\ALDO\Downloads\Otros\Texture_2321_bsm.dds'
2026-05-30 20:08:16,133 - INFO - File moved: 'C:\Users\ALDO\Downloads\MEGA\PES 17 City Ground\PES 17 City Ground\ENG - City Ground\common\bg\model\bg\stadium\st191\texture\common\Texture_2321_nrm.dds' --> 'C:\Users\ALDO\Downloads\Otros\Texture_2321_nrm.dds'
2026-05-30 20:08:16,134 - INFO - File moved: 'C:\Users\ALDO\Downloads\MEGA\PES 17 City Ground\PES 17 City Ground\ENG - City Ground\common\bg\model\bg\stadium\st191\texture\common\Texture_2323_bsm.dds' --> 'C:\Users\ALDO\Downloads\Otros\Texture_2323_bsm.dds'
2026-05-30 20:08:16,135 - INFO - File moved: 'C:\Users\ALDO\Downloads\MEGA\PES 17 City Ground\PES 17 City Ground\ENG - City Ground\common\bg\model\bg\stadium\st191\texture\common\Texture_2323_nrm.dds' --> 'C:\Users\ALDO\Downloads\Otros\Texture_2323_nrm.dds'
2026-05-30 20:08:16,136 - INFO - File moved: 'C:\Users\ALDO\Downloads\MEGA\PES 17 City Ground\PES 17 City Ground\ENG - City Ground\common\bg\model\bg\stadium\st191\texture\common\Texture_2327_bsm.dds' --> 'C:\Users\ALDO\Downloads\Otros\Texture_2327_bsm.dds'
2026-05-30 20:08:16,136 - INFO - File moved: 'C:\Users\ALDO\Downloads\MEGA\PES 17 City Ground\PES 17 City Ground\ENG - City Ground\common\bg\model\bg\stadium\st191\texture\common\Texture_2327_nrm.dds' --> 'C:\Users\ALDO\Downloads\Otros\Texture_2327_nrm.dds'
2026-05-30 20:08:16,138 - INFO - File moved: 'C:\Users\ALDO\Downloads\MEGA\PES 17 City Ground\PES 17 City Ground\ENG - City Ground\common\bg\model\bg\stadium\st191\texture\common\Texture_2329_bsm.dds' --> 'C:\Users\ALDO\Downloads\Otros\Texture_2329_bsm.dds'
2026-05-30 20:08:16,139 - INFO - File moved: 'C:\Users\ALDO\Downloads\MEGA\PES 17 City Ground\PES 17 City Ground\ENG - City Ground\common\bg\model\bg\stadium\st191\texture\common\Texture_2329_nrm.dds' --> 'C:\Users\ALDO\Downloads\Otros\Texture_2329_nrm.dds'
2026-05-30 20:08:16,140 - INFO - File moved: 'C:\Users\ALDO\Downloads\MEGA\PES 17 City Ground\PES 17 City Ground\ENG - City Ground\common\bg\model\bg\stadium\st191\texture\common\Texture_2337_bsm.dds' --> 'C:\Users\ALDO\Downloads\Otros\Texture_2337_bsm.dds'
2026-05-30 20:08:16,141 - INFO - File moved: 'C:\Users\ALDO\Downloads\MEGA\PES 17 City Ground\PES 17 City Ground\ENG - City Ground\common\bg\model\bg\stadium\st191\texture\common\Texture_2337_nrm.dds' --> 'C:\Users\ALDO\Downloads\Otros\Texture_2337_nrm.dds'
2026-05-30 20:08:16,141 - INFO - File moved: 'C:\Users\ALDO\Downloads\MEGA\PES 17 City Ground\PES 17 City Ground\ENG - City Ground\common\bg\model\bg\stadium\st191\texture\common\Texture_2343_bsm.dds' --> 'C:\Users\ALDO\Downloads\Otros\Texture_2343_bsm.dds'
2026-05-30 20:08:16,142 - INFO - File moved: 'C:\Users\ALDO\Downloads\MEGA\PES 17 City Ground\PES 17 City Ground\ENG - City Ground\common\bg\model\bg\stadium\st191\texture\common\Texture_2343_nrm.dds' --> 'C:\Users\ALDO\Downloads\Otros\Texture_2343_nrm.dds'
2026-05-30 20:08:16,142 - INFO - File moved: 'C:\Users\ALDO\Downloads\MEGA\PES 17 City Ground\PES 17 City Ground\ENG - City Ground\common\bg\model\bg\stadium\st191\texture\common\Texture_2347_bsm.dds' --> 'C:\Users\ALDO\Downloads\Otros\Texture_2347_bsm.dds'
2026-05-30 20:08:16,143 - INFO - File moved: 'C:\Users\ALDO\Downloads\MEGA\PES 17 City Ground\PES 17 City Ground\ENG - City Ground\common\bg\model\bg\stadium\st191\texture\common\Texture_2347_nrm.dds' --> 'C:\Users\ALDO\Downloads\Otros\Texture_2347_nrm.dds'
2026-05-30 20:08:16,143 - INFO - File moved: 'C:\Users\ALDO\Downloads\MEGA\PES 17 City Ground\PES 17 City Ground\ENG - City Ground\common\bg\model\bg\stadium\st191\texture\common\Texture_2351_bsm.dds' --> 'C:\Users\ALDO\Downloads\Otros\Texture_2351_bsm.dds'
2026-05-30 20:08:16,144 - INFO - File moved: 'C:\Users\ALDO\Downloads\MEGA\PES 17 City Ground\PES 17 City Ground\ENG - City Ground\common\bg\model\bg\stadium\st191\texture\common\Texture_2351_nrm.dds' --> 'C:\Users\ALDO\Downloads\Otros\Texture_2351_nrm.dds'
2026-05-30 20:08:16,145 - INFO - File moved: 'C:\Users\ALDO\Downloads\MEGA\PES 17 City Ground\PES 17 City Ground\ENG - City Ground\common\bg\model\bg\stadium\st191\texture\common\Texture_2511_bsm.dds' --> 'C:\Users\ALDO\Downloads\Otros\Texture_2511_bsm.dds'
2026-05-30 20:08:16,145 - INFO - File moved: 'C:\Users\ALDO\Downloads\MEGA\PES 17 City Ground\PES 17 City Ground\ENG - City Ground\common\bg\model\bg\stadium\st191\texture\common\Texture_2511_nrm.dds' --> 'C:\Users\ALDO\Downloads\Otros\Texture_2511_nrm.dds'
2026-05-30 20:08:16,146 - INFO - File moved: 'C:\Users\ALDO\Downloads\MEGA\PES 17 City Ground\PES 17 City Ground\ENG - City Ground\common\bg\model\bg\stadium\st191\texture\common\Texture_2513_bsm.dds' --> 'C:\Users\ALDO\Downloads\Otros\Texture_2513_bsm.dds'
2026-05-30 20:08:16,147 - INFO - File moved: 'C:\Users\ALDO\Downloads\MEGA\PES 17 City Ground\PES 17 City Ground\ENG - City Ground\common\bg\model\bg\stadium\st191\texture\common\Texture_2513_nrm.dds' --> 'C:\Users\ALDO\Downloads\Otros\Texture_2513_nrm.dds'
2026-05-30 20:08:16,147 - INFO - File moved: 'C:\Users\ALDO\Downloads\MEGA\PES 17 City Ground\PES 17 City Ground\ENG - City Ground\common\bg\model\bg\stadium\st191\texture\common\Texture_2520_bsm.dds' --> 'C:\Users\ALDO\Downloads\Otros\Texture_2520_bsm.dds'
2026-05-30 20:08:16,148 - INFO - File moved: 'C:\Users\ALDO\Downloads\MEGA\PES 17 City Ground\PES 17 City Ground\ENG - City Ground\common\bg\model\bg\stadium\st191\texture\common\Texture_2520_nrm.dds' --> 'C:\Users\ALDO\Downloads\Otros\Texture_2520_nrm.dds'
2026-05-30 20:08:16,148 - INFO - File moved: 'C:\Users\ALDO\Downloads\MEGA\PES 17 City Ground\PES 17 City Ground\ENG - City Ground\common\bg\model\bg\stadium\st191\texture\common\Texture_2540_bsm.dds' --> 'C:\Users\ALDO\Downloads\Otros\Texture_2540_bsm.dds'
2026-05-30 20:08:16,149 - INFO - File moved: 'C:\Users\ALDO\Downloads\MEGA\PES 17 City Ground\PES 17 City Ground\ENG - City Ground\common\bg\model\bg\stadium\st191\texture\common\Texture_2540_nrm.dds' --> 'C:\Users\ALDO\Downloads\Otros\Texture_2540_nrm.dds'
2026-05-30 20:08:16,149 - INFO - File moved: 'C:\Users\ALDO\Downloads\MEGA\PES 17 City Ground\PES 17 City Ground\ENG - City Ground\common\bg\model\bg\stadium\st191\texture\common\Texture_2550_bsm.dds' --> 'C:\Users\ALDO\Downloads\Otros\Texture_2550_bsm.dds'
2026-05-30 20:08:16,150 - INFO - File moved: 'C:\Users\ALDO\Downloads\MEGA\PES 17 City Ground\PES 17 City Ground\ENG - City Ground\common\bg\model\bg\stadium\st191\texture\common\Texture_2550_nrm.dds' --> 'C:\Users\ALDO\Downloads\Otros\Texture_2550_nrm.dds'
2026-05-30 20:08:16,151 - INFO - File moved: 'C:\Users\ALDO\Downloads\MEGA\PES 17 City Ground\PES 17 City Ground\ENG - City Ground\common\bg\model\bg\stadium\st191\texture\common\Texture_2552_bsm.dds' --> 'C:\Users\ALDO\Downloads\Otros\Texture_2552_bsm.dds'
2026-05-30 20:08:16,151 - INFO - File moved: 'C:\Users\ALDO\Downloads\MEGA\PES 17 City Ground\PES 17 City Ground\ENG - City Ground\common\bg\model\bg\stadium\st191\texture\common\Texture_2552_nrm.dds' --> 'C:\Users\ALDO\Downloads\Otros\Texture_2552_nrm.dds'
2026-05-30 20:08:16,152 - INFO - File moved: 'C:\Users\ALDO\Downloads\MEGA\PES 17 City Ground\PES 17 City Ground\ENG - City Ground\common\bg\model\bg\stadium\st191\texture\common\Texture_2562_bsm.dds' --> 'C:\Users\ALDO\Downloads\Otros\Texture_2562_bsm.dds'
2026-05-30 20:08:16,153 - INFO - File moved: 'C:\Users\ALDO\Downloads\MEGA\PES 17 City Ground\PES 17 City Ground\ENG - City Ground\common\bg\model\bg\stadium\st191\texture\common\Texture_2562_nrm.dds' --> 'C:\Users\ALDO\Downloads\Otros\Texture_2562_nrm.dds'
2026-05-30 20:08:16,154 - INFO - File moved: 'C:\Users\ALDO\Downloads\MEGA\PES 17 City Ground\PES 17 City Ground\ENG - City Ground\common\bg\model\bg\stadium\st191\texture\common\Texture_2564_bsm.dds' --> 'C:\Users\ALDO\Downloads\Otros\Texture_2564_bsm.dds'
2026-05-30 20:08:16,155 - INFO - File moved: 'C:\Users\ALDO\Downloads\MEGA\PES 17 City Ground\PES 17 City Ground\ENG - City Ground\common\bg\model\bg\stadium\st191\texture\common\Texture_2564_nrm.dds' --> 'C:\Users\ALDO\Downloads\Otros\Texture_2564_nrm.dds'
2026-05-30 20:08:16,156 - INFO - File moved: 'C:\Users\ALDO\Downloads\MEGA\PES 17 City Ground\PES 17 City Ground\ENG - City Ground\common\bg\model\bg\stadium\st191\texture\common\Texture_2568_bsm.dds' --> 'C:\Users\ALDO\Downloads\Otros\Texture_2568_bsm.dds'
2026-05-30 20:08:16,156 - INFO - File moved: 'C:\Users\ALDO\Downloads\MEGA\PES 17 City Ground\PES 17 City Ground\ENG - City Ground\common\bg\model\bg\stadium\st191\texture\common\Texture_2568_nrm.dds' --> 'C:\Users\ALDO\Downloads\Otros\Texture_2568_nrm.dds'
2026-05-30 20:08:16,157 - INFO - File moved: 'C:\Users\ALDO\Downloads\MEGA\PES 17 City Ground\PES 17 City Ground\ENG - City Ground\common\bg\model\bg\stadium\st191\texture\common\Texture_2570_bsm.dds' --> 'C:\Users\ALDO\Downloads\Otros\Texture_2570_bsm.dds'
2026-05-30 20:08:16,158 - INFO - File moved: 'C:\Users\ALDO\Downloads\MEGA\PES 17 City Ground\PES 17 City Ground\ENG - City Ground\common\bg\model\bg\stadium\st191\texture\common\Texture_2570_nrm.dds' --> 'C:\Users\ALDO\Downloads\Otros\Texture_2570_nrm.dds'
2026-05-30 20:08:16,158 - INFO - File moved: 'C:\Users\ALDO\Downloads\MEGA\PES 17 City Ground\PES 17 City Ground\ENG - City Ground\common\bg\model\bg\stadium\st191\texture\common\Texture_2572_bsm.dds' --> 'C:\Users\ALDO\Downloads\Otros\Texture_2572_bsm.dds'
2026-05-30 20:08:16,159 - INFO - File moved: 'C:\Users\ALDO\Downloads\MEGA\PES 17 City Ground\PES 17 City Ground\ENG - City Ground\common\bg\model\bg\stadium\st191\texture\common\Texture_2572_nrm.dds' --> 'C:\Users\ALDO\Downloads\Otros\Texture_2572_nrm.dds'
2026-05-30 20:08:16,160 - INFO - File moved: 'C:\Users\ALDO\Downloads\MEGA\PES 17 City Ground\PES 17 City Ground\ENG - City Ground\common\bg\model\bg\stadium\st191\texture\common\Texture_2578_bsm.dds' --> 'C:\Users\ALDO\Downloads\Otros\Texture_2578_bsm.dds'
2026-05-30 20:08:16,160 - INFO - File moved: 'C:\Users\ALDO\Downloads\MEGA\PES 17 City Ground\PES 17 City Ground\ENG - City Ground\common\bg\model\bg\stadium\st191\texture\common\Texture_2578_nrm.dds' --> 'C:\Users\ALDO\Downloads\Otros\Texture_2578_nrm.dds'
2026-05-30 20:08:16,161 - INFO - File moved: 'C:\Users\ALDO\Downloads\MEGA\PES 17 City Ground\PES 17 City Ground\ENG - City Ground\common\bg\model\bg\stadium\st191\texture\common\Texture_2580_bsm.dds' --> 'C:\Users\ALDO\Downloads\Otros\Texture_2580_bsm.dds'
2026-05-30 20:08:16,161 - INFO - File moved: 'C:\Users\ALDO\Downloads\MEGA\PES 17 City Ground\PES 17 City Ground\ENG - City Ground\common\bg\model\bg\stadium\st191\texture\common\Texture_2580_nrm.dds' --> 'C:\Users\ALDO\Downloads\Otros\Texture_2580_nrm.dds'
2026-05-30 20:08:16,162 - INFO - File moved: 'C:\Users\ALDO\Downloads\MEGA\PES 17 City Ground\PES 17 City Ground\ENG - City Ground\common\bg\model\bg\stadium\st191\texture\common\Texture_2582_bsm.dds' --> 'C:\Users\ALDO\Downloads\Otros\Texture_2582_bsm.dds'
2026-05-30 20:08:16,162 - INFO - File moved: 'C:\Users\ALDO\Downloads\MEGA\PES 17 City Ground\PES 17 City Ground\ENG - City Ground\common\bg\model\bg\stadium\st191\texture\common\Texture_2582_nrm.dds' --> 'C:\Users\ALDO\Downloads\Otros\Texture_2582_nrm.dds'
2026-05-30 20:08:16,163 - INFO - File moved: 'C:\Users\ALDO\Downloads\MEGA\PES 17 City Ground\PES 17 City Ground\ENG - City Ground\common\bg\model\bg\stadium\st191\texture\common\Texture_2584_bsm.dds' --> 'C:\Users\ALDO\Downloads\Otros\Texture_2584_bsm.dds'
2026-05-30 20:08:16,163 - INFO - File moved: 'C:\Users\ALDO\Downloads\MEGA\PES 17 City Ground\PES 17 City Ground\ENG - City Ground\common\bg\model\bg\stadium\st191\texture\common\Texture_2584_nrm.dds' --> 'C:\Users\ALDO\Downloads\Otros\Texture_2584_nrm.dds'
2026-05-30 20:08:16,164 - INFO - File moved: 'C:\Users\ALDO\Downloads\MEGA\PES 17 City Ground\PES 17 City Ground\ENG - City Ground\common\bg\model\bg\stadium\st191\texture\common\Texture_2588_bsm.dds' --> 'C:\Users\ALDO\Downloads\Otros\Texture_2588_bsm.dds'
2026-05-30 20:08:16,165 - INFO - File moved: 'C:\Users\ALDO\Downloads\MEGA\PES 17 City Ground\PES 17 City Ground\ENG - City Ground\common\bg\model\bg\stadium\st191\texture\common\Texture_2588_nrm.dds' --> 'C:\Users\ALDO\Downloads\Otros\Texture_2588_nrm.dds'
2026-05-30 20:08:16,165 - INFO - File moved: 'C:\Users\ALDO\Downloads\MEGA\PES 17 City Ground\PES 17 City Ground\ENG - City Ground\common\bg\model\bg\stadium\st191\texture\common\Texture_2590_bsm.dds' --> 'C:\Users\ALDO\Downloads\Otros\Texture_2590_bsm.dds'
2026-05-30 20:08:16,166 - INFO - File moved: 'C:\Users\ALDO\Downloads\MEGA\PES 17 City Ground\PES 17 City Ground\ENG - City Ground\common\bg\model\bg\stadium\st191\texture\common\Texture_2590_nrm.dds' --> 'C:\Users\ALDO\Downloads\Otros\Texture_2590_nrm.dds'
2026-05-30 20:08:16,167 - INFO - File moved: 'C:\Users\ALDO\Downloads\MEGA\PES 17 City Ground\PES 17 City Ground\ENG - City Ground\common\bg\model\bg\stadium\st191\texture\common\Texture_2594_bsm.dds' --> 'C:\Users\ALDO\Downloads\Otros\Texture_2594_bsm.dds'
2026-05-30 20:08:16,167 - INFO - File moved: 'C:\Users\ALDO\Downloads\MEGA\PES 17 City Ground\PES 17 City Ground\ENG - City Ground\common\bg\model\bg\stadium\st191\texture\common\Texture_2594_nrm.dds' --> 'C:\Users\ALDO\Downloads\Otros\Texture_2594_nrm.dds'
2026-05-30 20:08:16,168 - INFO - File moved: 'C:\Users\ALDO\Downloads\MEGA\PES 17 City Ground\PES 17 City Ground\ENG - City Ground\common\bg\model\bg\stadium\st191\texture\common\Texture_2616_bsm.dds' --> 'C:\Users\ALDO\Downloads\Otros\Texture_2616_bsm.dds'
2026-05-30 20:08:16,168 - INFO - File moved: 'C:\Users\ALDO\Downloads\MEGA\PES 17 City Ground\PES 17 City Ground\ENG - City Ground\common\bg\model\bg\stadium\st191\texture\common\Texture_2616_nrm.dds' --> 'C:\Users\ALDO\Downloads\Otros\Texture_2616_nrm.dds'
2026-05-30 20:08:16,169 - INFO - File moved: 'C:\Users\ALDO\Downloads\MEGA\PES 17 City Ground\PES 17 City Ground\ENG - City Ground\common\bg\model\bg\stadium\st191\texture\common\Texture_2618_bsm.dds' --> 'C:\Users\ALDO\Downloads\Otros\Texture_2618_bsm.dds'
2026-05-30 20:08:16,170 - INFO - File moved: 'C:\Users\ALDO\Downloads\MEGA\PES 17 City Ground\PES 17 City Ground\ENG - City Ground\common\bg\model\bg\stadium\st191\texture\common\Texture_2618_nrm.dds' --> 'C:\Users\ALDO\Downloads\Otros\Texture_2618_nrm.dds'
2026-05-30 20:08:16,171 - INFO - File moved: 'C:\Users\ALDO\Downloads\MEGA\PES 17 City Ground\PES 17 City Ground\ENG - City Ground\common\bg\model\bg\stadium\st191\texture\common\This Is Nottingham_bsm.dds' --> 'C:\Users\ALDO\Downloads\Otros\This Is Nottingham_bsm.dds'
2026-05-30 20:08:16,172 - INFO - File moved: 'C:\Users\ALDO\Downloads\MEGA\PES 17 City Ground\PES 17 City Ground\ENG - City Ground\common\bg\model\bg\stadium\st191\texture\common\This Is Nottingham_nrm.dds' --> 'C:\Users\ALDO\Downloads\Otros\This Is Nottingham_nrm.dds'
2026-05-30 20:08:16,173 - INFO - File moved: 'C:\Users\ALDO\Downloads\MEGA\PES 17 City Ground\PES 17 City Ground\ENG - City Ground\common\bg\model\bg\stadium\st191\texture\common\Tren End Back_bsm.dds' --> 'C:\Users\ALDO\Downloads\Otros\Tren End Back_bsm.dds'
2026-05-30 20:08:16,173 - INFO - File moved: 'C:\Users\ALDO\Downloads\MEGA\PES 17 City Ground\PES 17 City Ground\ENG - City Ground\common\bg\model\bg\stadium\st191\texture\common\Tren End Back_nrm.dds' --> 'C:\Users\ALDO\Downloads\Otros\Tren End Back_nrm.dds'
2026-05-30 20:08:16,174 - INFO - File moved: 'C:\Users\ALDO\Downloads\MEGA\PES 17 City Ground\PES 17 City Ground\ENG - City Ground\common\bg\model\bg\stadium\st191\texture\common\UK Meds Banner2_bsm.dds' --> 'C:\Users\ALDO\Downloads\Otros\UK Meds Banner2_bsm.dds'
2026-05-30 20:08:16,174 - INFO - File moved: 'C:\Users\ALDO\Downloads\MEGA\PES 17 City Ground\PES 17 City Ground\ENG - City Ground\common\bg\model\bg\stadium\st191\texture\common\UK Meds Banner2_nrm.dds' --> 'C:\Users\ALDO\Downloads\Otros\UK Meds Banner2_nrm.dds'
2026-05-30 20:08:16,175 - INFO - File moved: 'C:\Users\ALDO\Downloads\MEGA\PES 17 City Ground\PES 17 City Ground\ENG - City Ground\common\bg\model\bg\stadium\st191\texture\common\UK Meds Banner_bsm.dds' --> 'C:\Users\ALDO\Downloads\Otros\UK Meds Banner_bsm.dds'
2026-05-30 20:08:16,176 - INFO - File moved: 'C:\Users\ALDO\Downloads\MEGA\PES 17 City Ground\PES 17 City Ground\ENG - City Ground\common\bg\model\bg\stadium\st191\texture\common\UK Meds Banner_nrm.dds' --> 'C:\Users\ALDO\Downloads\Otros\UK Meds Banner_nrm.dds'
2026-05-30 20:08:16,176 - INFO - File moved: 'C:\Users\ALDO\Downloads\MEGA\PES 17 City Ground\PES 17 City Ground\ENG - City Ground\common\bg\model\bg\stadium\st191\texture\common\Wall_bsm.dds' --> 'C:\Users\ALDO\Downloads\Otros\Wall_bsm.dds'
2026-05-30 20:08:16,177 - INFO - File moved: 'C:\Users\ALDO\Downloads\MEGA\PES 17 City Ground\PES 17 City Ground\ENG - City Ground\common\bg\model\bg\stadium\st191\texture\common\Wall_nrm.dds' --> 'C:\Users\ALDO\Downloads\Otros\Wall_nrm.dds'
2026-05-30 20:08:16,178 - INFO - File moved: 'C:\Users\ALDO\Downloads\MEGA\PES 17 City Ground\PES 17 City Ground\ENG - City Ground\common\bg\model\bg\stadium\st191\texture\common\windows_bsm.dds' --> 'C:\Users\ALDO\Downloads\Otros\windows_bsm.dds'
2026-05-30 20:08:16,178 - INFO - File moved: 'C:\Users\ALDO\Downloads\MEGA\PES 17 City Ground\PES 17 City Ground\ENG - City Ground\common\bg\model\bg\stadium\st191\texture\common\windows_nrm.dds' --> 'C:\Users\ALDO\Downloads\Otros\windows_nrm.dds'
2026-05-30 20:08:16,179 - INFO - File moved: 'C:\Users\ALDO\Downloads\MEGA\PES 17 City Ground\PES 17 City Ground\ENG - City Ground\common\bg\model\bg\stadium\st191\texture\common\staff\bibs_reserve_bsm_alp_bsm.dds' --> 'C:\Users\ALDO\Downloads\Otros\bibs_reserve_bsm_alp_bsm.dds'
2026-05-30 20:08:16,180 - INFO - File moved: 'C:\Users\ALDO\Downloads\MEGA\PES 17 City Ground\PES 17 City Ground\ENG - City Ground\common\bg\model\bg\stadium\st191\texture\common\staff\bibs_reserve_bsm_alp_nrm.dds' --> 'C:\Users\ALDO\Downloads\Otros\bibs_reserve_bsm_alp_nrm.dds'
2026-05-30 20:08:16,180 - INFO - File moved: 'C:\Users\ALDO\Downloads\MEGA\PES 17 City Ground\PES 17 City Ground\ENG - City Ground\common\bg\model\bg\stadium\st191\texture\common\staff\ca_blou2018_bib_bsm_bsm.dds' --> 'C:\Users\ALDO\Downloads\Otros\ca_blou2018_bib_bsm_bsm.dds'
2026-05-30 20:08:16,181 - INFO - File moved: 'C:\Users\ALDO\Downloads\MEGA\PES 17 City Ground\PES 17 City Ground\ENG - City Ground\common\bg\model\bg\stadium\st191\texture\common\staff\ca_blou2018_bib_bsm_nrm.dds' --> 'C:\Users\ALDO\Downloads\Otros\ca_blou2018_bib_bsm_nrm.dds'
2026-05-30 20:08:16,182 - INFO - File moved: 'C:\Users\ALDO\Downloads\MEGA\PES 17 City Ground\PES 17 City Ground\ENG - City Ground\common\bg\model\bg\stadium\st191\texture\common\staff\gu_england2018_bsm_alp_bsm.dds' --> 'C:\Users\ALDO\Downloads\Otros\gu_england2018_bsm_alp_bsm.dds'
2026-05-30 20:08:16,183 - INFO - File moved: 'C:\Users\ALDO\Downloads\MEGA\PES 17 City Ground\PES 17 City Ground\ENG - City Ground\common\bg\model\bg\stadium\st191\texture\common\staff\gu_england2018_bsm_alp_nrm.dds' --> 'C:\Users\ALDO\Downloads\Otros\gu_england2018_bsm_alp_nrm.dds'
2026-05-30 20:08:16,183 - INFO - File moved: 'C:\Users\ALDO\Downloads\MEGA\PES 17 City Ground\PES 17 City Ground\ENG - City Ground\common\bg\model\bg\stadium\st191\texture\common\staff\gu_generic2018W_bsm_alp_bsm.dds' --> 'C:\Users\ALDO\Downloads\Otros\gu_generic2018W_bsm_alp_bsm.dds'
2026-05-30 20:08:16,184 - INFO - File moved: 'C:\Users\ALDO\Downloads\MEGA\PES 17 City Ground\PES 17 City Ground\ENG - City Ground\common\bg\model\bg\stadium\st191\texture\common\staff\gu_generic2018W_bsm_alp_nrm.dds' --> 'C:\Users\ALDO\Downloads\Otros\gu_generic2018W_bsm_alp_nrm.dds'
2026-05-30 20:08:16,185 - INFO - File moved: 'C:\Users\ALDO\Downloads\MEGA\PES 17 City Ground\PES 17 City Ground\ENG - City Ground\common\bg\model\bg\stadium\st191\texture\common\staff\gu_generic2018_bsm_bsm.dds' --> 'C:\Users\ALDO\Downloads\Otros\gu_generic2018_bsm_bsm.dds'
2026-05-30 20:08:16,185 - INFO - File moved: 'C:\Users\ALDO\Downloads\MEGA\PES 17 City Ground\PES 17 City Ground\ENG - City Ground\common\bg\model\bg\stadium\st191\texture\common\staff\gu_generic2018_bsm_nrm.dds' --> 'C:\Users\ALDO\Downloads\Otros\gu_generic2018_bsm_nrm.dds'
2026-05-30 20:08:16,186 - INFO - File moved: 'C:\Users\ALDO\Downloads\MEGA\PES 17 City Ground\PES 17 City Ground\ENG - City Ground\common\bg\model\bg\stadium\st191\texture\common\staff\gu_germany2018_bsm_bsm.dds' --> 'C:\Users\ALDO\Downloads\Otros\gu_germany2018_bsm_bsm.dds'
2026-05-30 20:08:16,187 - INFO - File moved: 'C:\Users\ALDO\Downloads\MEGA\PES 17 City Ground\PES 17 City Ground\ENG - City Ground\common\bg\model\bg\stadium\st191\texture\common\staff\gu_germany2018_bsm_nrm.dds' --> 'C:\Users\ALDO\Downloads\Otros\gu_germany2018_bsm_nrm.dds'
2026-05-30 20:08:16,189 - INFO - File moved: 'C:\Users\ALDO\Downloads\MEGA\PES 17 City Ground\PES 17 City Ground\ENG - City Ground\common\bg\model\bg\stadium\st191\texture\common\staff\kumade_bsm_bsm.dds' --> 'C:\Users\ALDO\Downloads\Otros\kumade_bsm_bsm.dds'
2026-05-30 20:08:16,190 - INFO - File moved: 'C:\Users\ALDO\Downloads\MEGA\PES 17 City Ground\PES 17 City Ground\ENG - City Ground\common\bg\model\bg\stadium\st191\texture\common\staff\kumade_bsm_nrm.dds' --> 'C:\Users\ALDO\Downloads\Otros\kumade_bsm_nrm.dds'
2026-05-30 20:08:16,190 - INFO - File moved: 'C:\Users\ALDO\Downloads\MEGA\PES 17 City Ground\PES 17 City Ground\ENG - City Ground\common\bg\model\bg\stadium\st191\texture\common\staff\pr_bottle2018A_bsm_bsm.dds' --> 'C:\Users\ALDO\Downloads\Otros\pr_bottle2018A_bsm_bsm.dds'
2026-05-30 20:08:16,191 - INFO - File moved: 'C:\Users\ALDO\Downloads\MEGA\PES 17 City Ground\PES 17 City Ground\ENG - City Ground\common\bg\model\bg\stadium\st191\texture\common\staff\pr_bottle2018A_bsm_nrm.dds' --> 'C:\Users\ALDO\Downloads\Otros\pr_bottle2018A_bsm_nrm.dds'
2026-05-30 20:08:16,192 - INFO - File moved: 'C:\Users\ALDO\Downloads\MEGA\PES 17 City Ground\PES 17 City Ground\ENG - City Ground\common\bg\model\bg\stadium\st191\texture\common\staff\pr_bottle2019A_bsm_bsm.dds' --> 'C:\Users\ALDO\Downloads\Otros\pr_bottle2019A_bsm_bsm.dds'
2026-05-30 20:08:16,192 - INFO - File moved: 'C:\Users\ALDO\Downloads\MEGA\PES 17 City Ground\PES 17 City Ground\ENG - City Ground\common\bg\model\bg\stadium\st191\texture\common\staff\pr_bottle2019A_bsm_nrm.dds' --> 'C:\Users\ALDO\Downloads\Otros\pr_bottle2019A_bsm_nrm.dds'
2026-05-30 20:08:16,193 - INFO - File moved: 'C:\Users\ALDO\Downloads\MEGA\PES 17 City Ground\PES 17 City Ground\ENG - City Ground\common\bg\model\bg\stadium\st191\texture\common\staff\pr_box00mn_bsm_bsm.dds' --> 'C:\Users\ALDO\Downloads\Otros\pr_box00mn_bsm_bsm.dds'
2026-05-30 20:08:16,193 - INFO - File moved: 'C:\Users\ALDO\Downloads\MEGA\PES 17 City Ground\PES 17 City Ground\ENG - City Ground\common\bg\model\bg\stadium\st191\texture\common\staff\pr_box00mn_bsm_nrm.dds' --> 'C:\Users\ALDO\Downloads\Otros\pr_box00mn_bsm_nrm.dds'
2026-05-30 20:08:16,194 - INFO - File moved: 'C:\Users\ALDO\Downloads\MEGA\PES 17 City Ground\PES 17 City Ground\ENG - City Ground\common\bg\model\bg\stadium\st191\texture\common\staff\pr_box01mn_bsm_bsm.dds' --> 'C:\Users\ALDO\Downloads\Otros\pr_box01mn_bsm_bsm.dds'
2026-05-30 20:08:16,195 - INFO - File moved: 'C:\Users\ALDO\Downloads\MEGA\PES 17 City Ground\PES 17 City Ground\ENG - City Ground\common\bg\model\bg\stadium\st191\texture\common\staff\pr_box01mn_bsm_nrm.dds' --> 'C:\Users\ALDO\Downloads\Otros\pr_box01mn_bsm_nrm.dds'
2026-05-30 20:08:16,195 - INFO - File moved: 'C:\Users\ALDO\Downloads\MEGA\PES 17 City Ground\PES 17 City Ground\ENG - City Ground\common\bg\model\bg\stadium\st191\texture\common\staff\pr_box02M_bsm_bsm.dds' --> 'C:\Users\ALDO\Downloads\Otros\pr_box02M_bsm_bsm.dds'
2026-05-30 20:08:16,196 - INFO - File moved: 'C:\Users\ALDO\Downloads\MEGA\PES 17 City Ground\PES 17 City Ground\ENG - City Ground\common\bg\model\bg\stadium\st191\texture\common\staff\pr_box02M_bsm_nrm.dds' --> 'C:\Users\ALDO\Downloads\Otros\pr_box02M_bsm_nrm.dds'
2026-05-30 20:08:16,196 - INFO - File moved: 'C:\Users\ALDO\Downloads\MEGA\PES 17 City Ground\PES 17 City Ground\ENG - City Ground\common\bg\model\bg\stadium\st191\texture\common\staff\pr_box02_bsm_bsm.dds' --> 'C:\Users\ALDO\Downloads\Otros\pr_box02_bsm_bsm.dds'
2026-05-30 20:08:16,197 - INFO - File moved: 'C:\Users\ALDO\Downloads\MEGA\PES 17 City Ground\PES 17 City Ground\ENG - City Ground\common\bg\model\bg\stadium\st191\texture\common\staff\pr_box02_bsm_nrm.dds' --> 'C:\Users\ALDO\Downloads\Otros\pr_box02_bsm_nrm.dds'
2026-05-30 20:08:16,198 - INFO - File moved: 'C:\Users\ALDO\Downloads\MEGA\PES 17 City Ground\PES 17 City Ground\ENG - City Ground\common\bg\model\bg\stadium\st191\texture\common\staff\pr_boxcover01_bsm_bsm.dds' --> 'C:\Users\ALDO\Downloads\Otros\pr_boxcover01_bsm_bsm.dds'
2026-05-30 20:08:16,198 - INFO - File moved: 'C:\Users\ALDO\Downloads\MEGA\PES 17 City Ground\PES 17 City Ground\ENG - City Ground\common\bg\model\bg\stadium\st191\texture\common\staff\pr_boxcover01_bsm_nrm.dds' --> 'C:\Users\ALDO\Downloads\Otros\pr_boxcover01_bsm_nrm.dds'
2026-05-30 20:08:16,199 - INFO - File moved: 'C:\Users\ALDO\Downloads\MEGA\PES 17 City Ground\PES 17 City Ground\ENG - City Ground\common\bg\model\bg\stadium\st191\texture\common\staff\pr_car00_bsm_bsm.dds' --> 'C:\Users\ALDO\Downloads\Otros\pr_car00_bsm_bsm.dds'
2026-05-30 20:08:16,199 - INFO - File moved: 'C:\Users\ALDO\Downloads\MEGA\PES 17 City Ground\PES 17 City Ground\ENG - City Ground\common\bg\model\bg\stadium\st191\texture\common\staff\pr_car00_bsm_nrm.dds' --> 'C:\Users\ALDO\Downloads\Otros\pr_car00_bsm_nrm.dds'
2026-05-30 20:08:16,200 - INFO - File moved: 'C:\Users\ALDO\Downloads\MEGA\PES 17 City Ground\PES 17 City Ground\ENG - City Ground\common\bg\model\bg\stadium\st191\texture\common\staff\pr_cart00_bsm_bsm.dds' --> 'C:\Users\ALDO\Downloads\Otros\pr_cart00_bsm_bsm.dds'
2026-05-30 20:08:16,201 - INFO - File moved: 'C:\Users\ALDO\Downloads\MEGA\PES 17 City Ground\PES 17 City Ground\ENG - City Ground\common\bg\model\bg\stadium\st191\texture\common\staff\pr_cart00_bsm_nrm.dds' --> 'C:\Users\ALDO\Downloads\Otros\pr_cart00_bsm_nrm.dds'
2026-05-30 20:08:16,201 - INFO - File moved: 'C:\Users\ALDO\Downloads\MEGA\PES 17 City Ground\PES 17 City Ground\ENG - City Ground\common\bg\model\bg\stadium\st191\texture\common\staff\pr_cartcover_bsm_bsm.dds' --> 'C:\Users\ALDO\Downloads\Otros\pr_cartcover_bsm_bsm.dds'
2026-05-30 20:08:16,202 - INFO - File moved: 'C:\Users\ALDO\Downloads\MEGA\PES 17 City Ground\PES 17 City Ground\ENG - City Ground\common\bg\model\bg\stadium\st191\texture\common\staff\pr_cartcover_bsm_nrm.dds' --> 'C:\Users\ALDO\Downloads\Otros\pr_cartcover_bsm_nrm.dds'
2026-05-30 20:08:16,203 - INFO - File moved: 'C:\Users\ALDO\Downloads\MEGA\PES 17 City Ground\PES 17 City Ground\ENG - City Ground\common\bg\model\bg\stadium\st191\texture\common\staff\pr_cbox2018A_bsm_bsm.dds' --> 'C:\Users\ALDO\Downloads\Otros\pr_cbox2018A_bsm_bsm.dds'
2026-05-30 20:08:16,204 - INFO - File moved: 'C:\Users\ALDO\Downloads\MEGA\PES 17 City Ground\PES 17 City Ground\ENG - City Ground\common\bg\model\bg\stadium\st191\texture\common\staff\pr_cbox2018A_bsm_nrm.dds' --> 'C:\Users\ALDO\Downloads\Otros\pr_cbox2018A_bsm_nrm.dds'
2026-05-30 20:08:16,205 - INFO - File moved: 'C:\Users\ALDO\Downloads\MEGA\PES 17 City Ground\PES 17 City Ground\ENG - City Ground\common\bg\model\bg\stadium\st191\texture\common\staff\pr_cbox2018B_bsm_bsm.dds' --> 'C:\Users\ALDO\Downloads\Otros\pr_cbox2018B_bsm_bsm.dds'
2026-05-30 20:08:16,206 - INFO - File moved: 'C:\Users\ALDO\Downloads\MEGA\PES 17 City Ground\PES 17 City Ground\ENG - City Ground\common\bg\model\bg\stadium\st191\texture\common\staff\pr_cbox2018B_bsm_nrm.dds' --> 'C:\Users\ALDO\Downloads\Otros\pr_cbox2018B_bsm_nrm.dds'
2026-05-30 20:08:16,207 - INFO - File moved: 'C:\Users\ALDO\Downloads\MEGA\PES 17 City Ground\PES 17 City Ground\ENG - City Ground\common\bg\model\bg\stadium\st191\texture\common\staff\pr_cbox2019A_bsm_bsm.dds' --> 'C:\Users\ALDO\Downloads\Otros\pr_cbox2019A_bsm_bsm.dds'
2026-05-30 20:08:16,208 - INFO - File moved: 'C:\Users\ALDO\Downloads\MEGA\PES 17 City Ground\PES 17 City Ground\ENG - City Ground\common\bg\model\bg\stadium\st191\texture\common\staff\pr_cbox2019A_bsm_nrm.dds' --> 'C:\Users\ALDO\Downloads\Otros\pr_cbox2019A_bsm_nrm.dds'
2026-05-30 20:08:16,208 - INFO - File moved: 'C:\Users\ALDO\Downloads\MEGA\PES 17 City Ground\PES 17 City Ground\ENG - City Ground\common\bg\model\bg\stadium\st191\texture\common\staff\pr_cover2018A_bsm_bsm.dds' --> 'C:\Users\ALDO\Downloads\Otros\pr_cover2018A_bsm_bsm.dds'
2026-05-30 20:08:16,209 - INFO - File moved: 'C:\Users\ALDO\Downloads\MEGA\PES 17 City Ground\PES 17 City Ground\ENG - City Ground\common\bg\model\bg\stadium\st191\texture\common\staff\pr_cover2018A_bsm_nrm.dds' --> 'C:\Users\ALDO\Downloads\Otros\pr_cover2018A_bsm_nrm.dds'
2026-05-30 20:08:16,209 - INFO - File moved: 'C:\Users\ALDO\Downloads\MEGA\PES 17 City Ground\PES 17 City Ground\ENG - City Ground\common\bg\model\bg\stadium\st191\texture\common\staff\pr_cranecover_bsm_bsm.dds' --> 'C:\Users\ALDO\Downloads\Otros\pr_cranecover_bsm_bsm.dds'
2026-05-30 20:08:16,210 - INFO - File moved: 'C:\Users\ALDO\Downloads\MEGA\PES 17 City Ground\PES 17 City Ground\ENG - City Ground\common\bg\model\bg\stadium\st191\texture\common\staff\pr_cranecover_bsm_nrm.dds' --> 'C:\Users\ALDO\Downloads\Otros\pr_cranecover_bsm_nrm.dds'
2026-05-30 20:08:16,210 - INFO - File moved: 'C:\Users\ALDO\Downloads\MEGA\PES 17 City Ground\PES 17 City Ground\ENG - City Ground\common\bg\model\bg\stadium\st191\texture\common\staff\pr_cset000_bsm_bsm.dds' --> 'C:\Users\ALDO\Downloads\Otros\pr_cset000_bsm_bsm.dds'
2026-05-30 20:08:16,211 - INFO - File moved: 'C:\Users\ALDO\Downloads\MEGA\PES 17 City Ground\PES 17 City Ground\ENG - City Ground\common\bg\model\bg\stadium\st191\texture\common\staff\pr_cset000_bsm_nrm.dds' --> 'C:\Users\ALDO\Downloads\Otros\pr_cset000_bsm_nrm.dds'
2026-05-30 20:08:16,212 - INFO - File moved: 'C:\Users\ALDO\Downloads\MEGA\PES 17 City Ground\PES 17 City Ground\ENG - City Ground\common\bg\model\bg\stadium\st191\texture\common\staff\pr_fenb002B_bsm_bsm.dds' --> 'C:\Users\ALDO\Downloads\Otros\pr_fenb002B_bsm_bsm.dds'
2026-05-30 20:08:16,212 - INFO - File moved: 'C:\Users\ALDO\Downloads\MEGA\PES 17 City Ground\PES 17 City Ground\ENG - City Ground\common\bg\model\bg\stadium\st191\texture\common\staff\pr_fenb002B_bsm_nrm.dds' --> 'C:\Users\ALDO\Downloads\Otros\pr_fenb002B_bsm_nrm.dds'
2026-05-30 20:08:16,213 - INFO - File moved: 'C:\Users\ALDO\Downloads\MEGA\PES 17 City Ground\PES 17 City Ground\ENG - City Ground\common\bg\model\bg\stadium\st191\texture\common\staff\pr_fenb002_bsm_alp_bsm.dds' --> 'C:\Users\ALDO\Downloads\Otros\pr_fenb002_bsm_alp_bsm.dds'
2026-05-30 20:08:16,214 - INFO - File moved: 'C:\Users\ALDO\Downloads\MEGA\PES 17 City Ground\PES 17 City Ground\ENG - City Ground\common\bg\model\bg\stadium\st191\texture\common\staff\pr_fenb002_bsm_alp_nrm.dds' --> 'C:\Users\ALDO\Downloads\Otros\pr_fenb002_bsm_alp_nrm.dds'
2026-05-30 20:08:16,214 - INFO - File moved: 'C:\Users\ALDO\Downloads\MEGA\PES 17 City Ground\PES 17 City Ground\ENG - City Ground\common\bg\model\bg\stadium\st191\texture\common\staff\pr_set01_2018A_bsm_bsm.dds' --> 'C:\Users\ALDO\Downloads\Otros\pr_set01_2018A_bsm_bsm.dds'
2026-05-30 20:08:16,215 - INFO - File moved: 'C:\Users\ALDO\Downloads\MEGA\PES 17 City Ground\PES 17 City Ground\ENG - City Ground\common\bg\model\bg\stadium\st191\texture\common\staff\pr_set01_2018A_bsm_nrm.dds' --> 'C:\Users\ALDO\Downloads\Otros\pr_set01_2018A_bsm_nrm.dds'
2026-05-30 20:08:16,215 - INFO - File moved: 'C:\Users\ALDO\Downloads\MEGA\PES 17 City Ground\PES 17 City Ground\ENG - City Ground\common\bg\model\bg\stadium\st191\texture\common\staff\pr_set05mn_bsm_bsm.dds' --> 'C:\Users\ALDO\Downloads\Otros\pr_set05mn_bsm_bsm.dds'
2026-05-30 20:08:16,216 - INFO - File moved: 'C:\Users\ALDO\Downloads\MEGA\PES 17 City Ground\PES 17 City Ground\ENG - City Ground\common\bg\model\bg\stadium\st191\texture\common\staff\pr_set05mn_bsm_nrm.dds' --> 'C:\Users\ALDO\Downloads\Otros\pr_set05mn_bsm_nrm.dds'
2026-05-30 20:08:16,216 - INFO - File moved: 'C:\Users\ALDO\Downloads\MEGA\PES 17 City Ground\PES 17 City Ground\ENG - City Ground\common\bg\model\bg\stadium\st191\texture\common\staff\pr_tv05_bsm_bsm.dds' --> 'C:\Users\ALDO\Downloads\Otros\pr_tv05_bsm_bsm.dds'
2026-05-30 20:08:16,217 - INFO - File moved: 'C:\Users\ALDO\Downloads\MEGA\PES 17 City Ground\PES 17 City Ground\ENG - City Ground\common\bg\model\bg\stadium\st191\texture\common\staff\pr_tv05_bsm_nrm.dds' --> 'C:\Users\ALDO\Downloads\Otros\pr_tv05_bsm_nrm.dds'
2026-05-30 20:08:16,218 - INFO - File moved: 'C:\Users\ALDO\Downloads\MEGA\PES 17 City Ground\PES 17 City Ground\ENG - City Ground\common\bg\model\bg\stadium\st191\texture\common\staff\pr_tv_can2018_bsm_bsm.dds' --> 'C:\Users\ALDO\Downloads\Otros\pr_tv_can2018_bsm_bsm.dds'
2026-05-30 20:08:16,218 - INFO - File moved: 'C:\Users\ALDO\Downloads\MEGA\PES 17 City Ground\PES 17 City Ground\ENG - City Ground\common\bg\model\bg\stadium\st191\texture\common\staff\pr_tv_can2018_bsm_nrm.dds' --> 'C:\Users\ALDO\Downloads\Otros\pr_tv_can2018_bsm_nrm.dds'
2026-05-30 20:08:16,219 - INFO - File moved: 'C:\Users\ALDO\Downloads\MEGA\PES 17 City Ground\PES 17 City Ground\ENG - City Ground\common\bg\model\bg\stadium\st191\texture\common\staff\pr_wiring00_bsm_alp_nomip_bsm.dds' --> 'C:\Users\ALDO\Downloads\Otros\pr_wiring00_bsm_alp_nomip_bsm.dds'
2026-05-30 20:08:16,220 - INFO - File moved: 'C:\Users\ALDO\Downloads\MEGA\PES 17 City Ground\PES 17 City Ground\ENG - City Ground\common\bg\model\bg\stadium\st191\texture\common\staff\pr_wiring00_bsm_alp_nomip_nrm.dds' --> 'C:\Users\ALDO\Downloads\Otros\pr_wiring00_bsm_alp_nomip_nrm.dds'
2026-05-30 20:08:16,222 - INFO - File moved: 'C:\Users\ALDO\Downloads\MEGA\PES 17 City Ground\PES 17 City Ground\ENG - City Ground\common\bg\model\bg\stadium\st191\texture\common\staff\st_ballboy2018_bsm_alp_bsm.dds' --> 'C:\Users\ALDO\Downloads\Otros\st_ballboy2018_bsm_alp_bsm.dds'
2026-05-30 20:08:16,222 - INFO - File moved: 'C:\Users\ALDO\Downloads\MEGA\PES 17 City Ground\PES 17 City Ground\ENG - City Ground\common\bg\model\bg\stadium\st191\texture\common\staff\st_ballboy2018_bsm_alp_nrm.dds' --> 'C:\Users\ALDO\Downloads\Otros\st_ballboy2018_bsm_alp_nrm.dds'
2026-05-30 20:08:16,223 - INFO - File moved: 'C:\Users\ALDO\Downloads\MEGA\PES 17 City Ground\PES 17 City Ground\ENG - City Ground\common\bg\model\bg\stadium\st191\texture\common\staff\st_ballboy2019_bsm_alp_bsm.dds' --> 'C:\Users\ALDO\Downloads\Otros\st_ballboy2019_bsm_alp_bsm.dds'
2026-05-30 20:08:16,224 - INFO - File moved: 'C:\Users\ALDO\Downloads\MEGA\PES 17 City Ground\PES 17 City Ground\ENG - City Ground\common\bg\model\bg\stadium\st191\texture\common\staff\st_ballboy2019_bsm_alp_nrm.dds' --> 'C:\Users\ALDO\Downloads\Otros\st_ballboy2019_bsm_alp_nrm.dds'
2026-05-30 20:08:16,224 - INFO - File moved: 'C:\Users\ALDO\Downloads\MEGA\PES 17 City Ground\PES 17 City Ground\ENG - City Ground\common\bg\model\bg\stadium\st191\texture\common\staff\st_bench_bib_2019_bsm_bsm.dds' --> 'C:\Users\ALDO\Downloads\Otros\st_bench_bib_2019_bsm_bsm.dds'
2026-05-30 20:08:16,225 - INFO - File moved: 'C:\Users\ALDO\Downloads\MEGA\PES 17 City Ground\PES 17 City Ground\ENG - City Ground\common\bg\model\bg\stadium\st191\texture\common\staff\st_bench_bib_2019_bsm_nrm.dds' --> 'C:\Users\ALDO\Downloads\Otros\st_bench_bib_2019_bsm_nrm.dds'
2026-05-30 20:08:16,226 - INFO - File moved: 'C:\Users\ALDO\Downloads\MEGA\PES 17 City Ground\PES 17 City Ground\ENG - City Ground\common\bg\model\bg\stadium\st191\texture\common\staff\st_blou2020_ArenaA_non_bsm_bsm.dds' --> 'C:\Users\ALDO\Downloads\Otros\st_blou2020_ArenaA_non_bsm_bsm.dds'
2026-05-30 20:08:16,226 - INFO - File moved: 'C:\Users\ALDO\Downloads\MEGA\PES 17 City Ground\PES 17 City Ground\ENG - City Ground\common\bg\model\bg\stadium\st191\texture\common\staff\st_blou2020_ArenaA_non_bsm_nrm.dds' --> 'C:\Users\ALDO\Downloads\Otros\st_blou2020_ArenaA_non_bsm_nrm.dds'
2026-05-30 20:08:16,227 - INFO - File moved: 'C:\Users\ALDO\Downloads\MEGA\PES 17 City Ground\PES 17 City Ground\ENG - City Ground\common\bg\model\bg\stadium\st191\texture\common\staff\st_coat2018_non_AMB_bsm_alp_bsm.dds' --> 'C:\Users\ALDO\Downloads\Otros\st_coat2018_non_AMB_bsm_alp_bsm.dds'
2026-05-30 20:08:16,227 - INFO - File moved: 'C:\Users\ALDO\Downloads\MEGA\PES 17 City Ground\PES 17 City Ground\ENG - City Ground\common\bg\model\bg\stadium\st191\texture\common\staff\st_coat2018_non_AMB_bsm_alp_nrm.dds' --> 'C:\Users\ALDO\Downloads\Otros\st_coat2018_non_AMB_bsm_alp_nrm.dds'
2026-05-30 20:08:16,228 - INFO - File moved: 'C:\Users\ALDO\Downloads\MEGA\PES 17 City Ground\PES 17 City Ground\ENG - City Ground\common\bg\model\bg\stadium\st191\texture\common\staff\st_coat2018_non_bsm_alp_bsm.dds' --> 'C:\Users\ALDO\Downloads\Otros\st_coat2018_non_bsm_alp_bsm.dds'
2026-05-30 20:08:16,228 - INFO - File moved: 'C:\Users\ALDO\Downloads\MEGA\PES 17 City Ground\PES 17 City Ground\ENG - City Ground\common\bg\model\bg\stadium\st191\texture\common\staff\st_coat2018_non_bsm_alp_nrm.dds' --> 'C:\Users\ALDO\Downloads\Otros\st_coat2018_non_bsm_alp_nrm.dds'
2026-05-30 20:08:16,229 - INFO - File moved: 'C:\Users\ALDO\Downloads\MEGA\PES 17 City Ground\PES 17 City Ground\ENG - City Ground\common\bg\model\bg\stadium\st191\texture\common\staff\st_coat2018_non_st004_bsm_alp_bsm.dds' --> 'C:\Users\ALDO\Downloads\Otros\st_coat2018_non_st004_bsm_alp_bsm.dds'
2026-05-30 20:08:16,230 - INFO - File moved: 'C:\Users\ALDO\Downloads\MEGA\PES 17 City Ground\PES 17 City Ground\ENG - City Ground\common\bg\model\bg\stadium\st191\texture\common\staff\st_coat2018_non_st004_bsm_alp_nrm.dds' --> 'C:\Users\ALDO\Downloads\Otros\st_coat2018_non_st004_bsm_alp_nrm.dds'
2026-05-30 20:08:16,230 - INFO - File moved: 'C:\Users\ALDO\Downloads\MEGA\PES 17 City Ground\PES 17 City Ground\ENG - City Ground\common\bg\model\bg\stadium\st191\texture\common\staff\st_coat_band_2018A_bsm_bsm.dds' --> 'C:\Users\ALDO\Downloads\Otros\st_coat_band_2018A_bsm_bsm.dds'
2026-05-30 20:08:16,231 - INFO - File moved: 'C:\Users\ALDO\Downloads\MEGA\PES 17 City Ground\PES 17 City Ground\ENG - City Ground\common\bg\model\bg\stadium\st191\texture\common\staff\st_coat_band_2018A_bsm_nrm.dds' --> 'C:\Users\ALDO\Downloads\Otros\st_coat_band_2018A_bsm_nrm.dds'
2026-05-30 20:08:16,231 - INFO - File moved: 'C:\Users\ALDO\Downloads\MEGA\PES 17 City Ground\PES 17 City Ground\ENG - City Ground\common\bg\model\bg\stadium\st191\texture\common\staff\st_coat_bib_2018A_bsm_bsm.dds' --> 'C:\Users\ALDO\Downloads\Otros\st_coat_bib_2018A_bsm_bsm.dds'
2026-05-30 20:08:16,232 - INFO - File moved: 'C:\Users\ALDO\Downloads\MEGA\PES 17 City Ground\PES 17 City Ground\ENG - City Ground\common\bg\model\bg\stadium\st191\texture\common\staff\st_coat_bib_2018a_bsm_nrm.dds' --> 'C:\Users\ALDO\Downloads\Otros\st_coat_bib_2018a_bsm_nrm.dds'
2026-05-30 20:08:16,233 - INFO - File moved: 'C:\Users\ALDO\Downloads\MEGA\PES 17 City Ground\PES 17 City Ground\ENG - City Ground\common\bg\model\bg\stadium\st191\texture\common\staff\st_flee2018_band_bsm_alp_bsm.dds' --> 'C:\Users\ALDO\Downloads\Otros\st_flee2018_band_bsm_alp_bsm.dds'
2026-05-30 20:08:16,233 - INFO - File moved: 'C:\Users\ALDO\Downloads\MEGA\PES 17 City Ground\PES 17 City Ground\ENG - City Ground\common\bg\model\bg\stadium\st191\texture\common\staff\st_flee2018_band_bsm_alp_nrm.dds' --> 'C:\Users\ALDO\Downloads\Otros\st_flee2018_band_bsm_alp_nrm.dds'
2026-05-30 20:08:16,234 - INFO - File moved: 'C:\Users\ALDO\Downloads\MEGA\PES 17 City Ground\PES 17 City Ground\ENG - City Ground\common\bg\model\bg\stadium\st191\texture\common\staff\st_flee2018_non_bsm_bsm.dds' --> 'C:\Users\ALDO\Downloads\Otros\st_flee2018_non_bsm_bsm.dds'
2026-05-30 20:08:16,235 - INFO - File moved: 'C:\Users\ALDO\Downloads\MEGA\PES 17 City Ground\PES 17 City Ground\ENG - City Ground\common\bg\model\bg\stadium\st191\texture\common\staff\st_flee2018_non_bsm_nrm.dds' --> 'C:\Users\ALDO\Downloads\Otros\st_flee2018_non_bsm_nrm.dds'
2026-05-30 20:08:16,236 - INFO - File moved: 'C:\Users\ALDO\Downloads\MEGA\PES 17 City Ground\PES 17 City Ground\ENG - City Ground\common\bg\model\bg\stadium\st191\texture\common\staff\st_formal2018_non_bsm_bsm.dds' --> 'C:\Users\ALDO\Downloads\Otros\st_formal2018_non_bsm_bsm.dds'
2026-05-30 20:08:16,237 - INFO - File moved: 'C:\Users\ALDO\Downloads\MEGA\PES 17 City Ground\PES 17 City Ground\ENG - City Ground\common\bg\model\bg\stadium\st191\texture\common\staff\st_formal2018_non_bsm_nrm.dds' --> 'C:\Users\ALDO\Downloads\Otros\st_formal2018_non_bsm_nrm.dds'
2026-05-30 20:08:16,238 - INFO - File moved: 'C:\Users\ALDO\Downloads\MEGA\PES 17 City Ground\PES 17 City Ground\ENG - City Ground\common\bg\model\bg\stadium\st191\texture\common\staff\st_greenkeeper2018A_bsm_bsm.dds' --> 'C:\Users\ALDO\Downloads\Otros\st_greenkeeper2018A_bsm_bsm.dds'
2026-05-30 20:08:16,239 - INFO - File moved: 'C:\Users\ALDO\Downloads\MEGA\PES 17 City Ground\PES 17 City Ground\ENG - City Ground\common\bg\model\bg\stadium\st191\texture\common\staff\st_greenkeeper2018A_bsm_nrm.dds' --> 'C:\Users\ALDO\Downloads\Otros\st_greenkeeper2018A_bsm_nrm.dds'
2026-05-30 20:08:16,240 - INFO - File moved: 'C:\Users\ALDO\Downloads\MEGA\PES 17 City Ground\PES 17 City Ground\ENG - City Ground\common\bg\model\bg\stadium\st191\texture\common\staff\st_jersey_bench00_bsm_bsm.dds' --> 'C:\Users\ALDO\Downloads\Otros\st_jersey_bench00_bsm_bsm.dds'
2026-05-30 20:08:16,241 - INFO - File moved: 'C:\Users\ALDO\Downloads\MEGA\PES 17 City Ground\PES 17 City Ground\ENG - City Ground\common\bg\model\bg\stadium\st191\texture\common\staff\st_jersey_bench00_bsm_nrm.dds' --> 'C:\Users\ALDO\Downloads\Otros\st_jersey_bench00_bsm_nrm.dds'
2026-05-30 20:08:16,242 - INFO - File moved: 'C:\Users\ALDO\Downloads\MEGA\PES 17 City Ground\PES 17 City Ground\ENG - City Ground\common\bg\model\bg\stadium\st191\texture\common\staff\st_jersey_bench01_bsm_bsm.dds' --> 'C:\Users\ALDO\Downloads\Otros\st_jersey_bench01_bsm_bsm.dds'
2026-05-30 20:08:16,242 - INFO - File moved: 'C:\Users\ALDO\Downloads\MEGA\PES 17 City Ground\PES 17 City Ground\ENG - City Ground\common\bg\model\bg\stadium\st191\texture\common\staff\st_jersey_bench01_bsm_nrm.dds' --> 'C:\Users\ALDO\Downloads\Otros\st_jersey_bench01_bsm_nrm.dds'
2026-05-30 20:08:16,243 - INFO - File moved: 'C:\Users\ALDO\Downloads\MEGA\PES 17 City Ground\PES 17 City Ground\ENG - City Ground\common\bg\model\bg\stadium\st191\texture\common\staff\st_jersey_bench2019A_bsm_bsm.dds' --> 'C:\Users\ALDO\Downloads\Otros\st_jersey_bench2019A_bsm_bsm.dds'
2026-05-30 20:08:16,244 - INFO - File moved: 'C:\Users\ALDO\Downloads\MEGA\PES 17 City Ground\PES 17 City Ground\ENG - City Ground\common\bg\model\bg\stadium\st191\texture\common\staff\st_jersey_bench2019A_bsm_nrm.dds' --> 'C:\Users\ALDO\Downloads\Otros\st_jersey_bench2019A_bsm_nrm.dds'
2026-05-30 20:08:16,245 - INFO - File moved: 'C:\Users\ALDO\Downloads\MEGA\PES 17 City Ground\PES 17 City Ground\ENG - City Ground\common\bg\model\bg\stadium\st191\texture\common\staff\st_jersey_bench2019H_bsm_bsm.dds' --> 'C:\Users\ALDO\Downloads\Otros\st_jersey_bench2019H_bsm_bsm.dds'
2026-05-30 20:08:16,245 - INFO - File moved: 'C:\Users\ALDO\Downloads\MEGA\PES 17 City Ground\PES 17 City Ground\ENG - City Ground\common\bg\model\bg\stadium\st191\texture\common\staff\st_jersey_bench2019H_bsm_nrm.dds' --> 'C:\Users\ALDO\Downloads\Otros\st_jersey_bench2019H_bsm_nrm.dds'
2026-05-30 20:08:16,246 - INFO - File moved: 'C:\Users\ALDO\Downloads\MEGA\PES 17 City Ground\PES 17 City Ground\ENG - City Ground\common\bg\model\bg\stadium\st191\texture\common\staff\st_jersey_bench2019_bsm_nrm.dds' --> 'C:\Users\ALDO\Downloads\Otros\st_jersey_bench2019_bsm_nrm.dds'
2026-05-30 20:08:16,247 - INFO - File moved: 'C:\Users\ALDO\Downloads\MEGA\PES 17 City Ground\PES 17 City Ground\ENG - City Ground\common\bg\model\bg\stadium\st191\texture\common\staff\st_shirt2018_non_bsm_bsm.dds' --> 'C:\Users\ALDO\Downloads\Otros\st_shirt2018_non_bsm_bsm.dds'
2026-05-30 20:08:16,247 - INFO - File moved: 'C:\Users\ALDO\Downloads\MEGA\PES 17 City Ground\PES 17 City Ground\ENG - City Ground\common\bg\model\bg\stadium\st191\texture\common\staff\st_shirt2018_non_bsm_nrm.dds' --> 'C:\Users\ALDO\Downloads\Otros\st_shirt2018_non_bsm_nrm.dds'
2026-05-30 20:08:16,248 - INFO - File moved: 'C:\Users\ALDO\Downloads\MEGA\PES 17 City Ground\PES 17 City Ground\ENG - City Ground\common\bg\model\bg\stadium\st191\texture\common\staff\st_suit2018_non_bsm_bsm.dds' --> 'C:\Users\ALDO\Downloads\Otros\st_suit2018_non_bsm_bsm.dds'
2026-05-30 20:08:16,257 - INFO - File moved: 'C:\Users\ALDO\Downloads\MEGA\PES 17 City Ground\PES 17 City Ground\ENG - City Ground\common\bg\model\bg\stadium\st191\texture\common\staff\st_suit2018_non_bsm_nrm.dds' --> 'C:\Users\ALDO\Downloads\Otros\st_suit2018_non_bsm_nrm.dds'
2026-05-30 20:08:16,258 - INFO - File moved: 'C:\Users\ALDO\Downloads\MEGA\PES 17 City Ground\PES 17 City Ground\ENG - City Ground\common\bg\model\bg\stadium\st191\texture\df\lm_captain10.dds' --> 'C:\Users\ALDO\Downloads\Otros\lm_captain10.dds'
2026-05-30 20:08:16,259 - INFO - File moved: 'C:\Users\ALDO\Downloads\MEGA\PES 17 City Ground\PES 17 City Ground\ENG - City Ground\common\bg\model\bg\stadium\st191\texture\df\st_ambient.dds' --> 'C:\Users\ALDO\Downloads\Otros\st_ambient.dds'
2026-05-30 20:08:16,259 - INFO - File moved: 'C:\Users\ALDO\Downloads\MEGA\PES 17 City Ground\PES 17 City Ground\ENG - City Ground\common\bg\model\bg\stadium\st191\texture\df\st_cube_r.dds' --> 'C:\Users\ALDO\Downloads\Otros\st_cube_r.dds'
2026-05-30 20:08:16,260 - INFO - File moved: 'C:\Users\ALDO\Downloads\MEGA\PES 17 City Ground\PES 17 City Ground\ENG - City Ground\common\bg\model\bg\stadium\st191\texture\df\st_shade.dds' --> 'C:\Users\ALDO\Downloads\Otros\st_shade.dds'
2026-05-30 20:08:16,261 - INFO - Skipping by user order
2026-05-30 20:08:17,111 - INFO - Skipping by user order
2026-05-30 20:08:17,714 - INFO - Skipping by user order
2026-05-30 20:08:18,153 - INFO - Skipping by user order
2026-05-30 20:08:18,559 - INFO - Skipping by user order
2026-05-30 20:08:18,914 - INFO - Skipping by user order
2026-05-30 20:08:19,246 - INFO - Skipping by user order
2026-05-30 20:08:19,561 - INFO - Skipping by user order
2026-05-30 20:08:20,017 - INFO - Skipping by user order
2026-05-30 20:08:20,532 - INFO - Skipping by user order
2026-05-30 20:08:21,003 - INFO - Skipping by user order
2026-05-30 20:08:21,377 - INFO - Skipping by user order
2026-05-30 20:08:21,378 - INFO - File moved: 'C:\Users\ALDO\Downloads\MEGA\PES 17 City Ground\PES 17 City Ground\ENG - City Ground\common\bg\model\bg\staff\common\locator.mtl' --> 'C:\Users\ALDO\Downloads\Otros\locator.mtl'
2026-05-30 20:08:21,379 - INFO - File moved: 'C:\Users\ALDO\Downloads\MEGA\PES 17 City Ground\PES 17 City Ground\ENG - City Ground\common\bg\model\bg\staff\common\staff.mtl' --> 'C:\Users\ALDO\Downloads\Otros\staff.mtl'
2026-05-30 20:08:21,380 - INFO - File moved: 'C:\Users\ALDO\Downloads\MEGA\PES 17 City Ground\PES 17 City Ground\ENG - City Ground\common\bg\model\bg\staff\common\staff_cameraman_narrow_vol1.xml' --> 'C:\Users\ALDO\Downloads\Código\staff_cameraman_narrow_vol1.xml'
2026-05-30 20:08:21,381 - INFO - File moved: 'C:\Users\ALDO\Downloads\MEGA\PES 17 City Ground\PES 17 City Ground\ENG - City Ground\common\bg\model\bg\staff\common\staff_cameraman_narrow_vol2.xml' --> 'C:\Users\ALDO\Downloads\Código\staff_cameraman_narrow_vol2.xml'
2026-05-30 20:08:21,382 - INFO - File moved: 'C:\Users\ALDO\Downloads\MEGA\PES 17 City Ground\PES 17 City Ground\ENG - City Ground\common\bg\model\bg\staff\common\staff_cameraman_vol1.xml' --> 'C:\Users\ALDO\Downloads\Código\staff_cameraman_vol1.xml'
2026-05-30 20:08:21,382 - INFO - File moved: 'C:\Users\ALDO\Downloads\MEGA\PES 17 City Ground\PES 17 City Ground\ENG - City Ground\common\bg\model\bg\staff\common\staff_cameraman_vol2.xml' --> 'C:\Users\ALDO\Downloads\Código\staff_cameraman_vol2.xml'
2026-05-30 20:08:21,383 - INFO - File moved: 'C:\Users\ALDO\Downloads\MEGA\PES 17 City Ground\PES 17 City Ground\ENG - City Ground\common\bg\model\bg\staff\common\staff_common.xml' --> 'C:\Users\ALDO\Downloads\Código\staff_common.xml'
2026-05-30 20:08:21,384 - INFO - File moved: 'C:\Users\ALDO\Downloads\MEGA\PES 17 City Ground\PES 17 City Ground\ENG - City Ground\common\bg\model\bg\staff\common\staff_steward_sit.xml' --> 'C:\Users\ALDO\Downloads\Código\staff_steward_sit.xml'
2026-05-30 20:08:21,385 - INFO - File moved: 'C:\Users\ALDO\Downloads\MEGA\PES 17 City Ground\PES 17 City Ground\ENG - City Ground\common\bg\model\bg\staff\common\staff_steward_stand.xml' --> 'C:\Users\ALDO\Downloads\Código\staff_steward_stand.xml'
2026-05-30 20:08:21,385 - INFO - File moved: 'C:\Users\ALDO\Downloads\MEGA\PES 17 City Ground\PES 17 City Ground\ENG - City Ground\common\bg\model\bg\staff\common\staff_tex_condition.xml' --> 'C:\Users\ALDO\Downloads\Código\staff_tex_condition.xml'
2026-05-30 20:08:21,386 - INFO - File moved: 'C:\Users\ALDO\Downloads\MEGA\PES 17 City Ground\PES 17 City Ground\ENG - City Ground\common\bg\model\bg\staff\common\motion\staff_bench.hkx' --> 'C:\Users\ALDO\Downloads\Otros\staff_bench.hkx'
2026-05-30 20:08:21,388 - INFO - File moved: 'C:\Users\ALDO\Downloads\MEGA\PES 17 City Ground\PES 17 City Ground\ENG - City Ground\common\bg\model\bg\staff\common\motion\staff_cameraman_A.gani' --> 'C:\Users\ALDO\Downloads\Otros\staff_cameraman_A.gani'
2026-05-30 20:08:21,389 - INFO - File moved: 'C:\Users\ALDO\Downloads\MEGA\PES 17 City Ground\PES 17 City Ground\ENG - City Ground\common\bg\model\bg\staff\common\motion\staff_cameraman_A.hkx' --> 'C:\Users\ALDO\Downloads\Otros\staff_cameraman_A.hkx'
2026-05-30 20:08:21,389 - INFO - File moved: 'C:\Users\ALDO\Downloads\MEGA\PES 17 City Ground\PES 17 City Ground\ENG - City Ground\common\bg\model\bg\staff\common\motion\staff_cameraman_B.gani' --> 'C:\Users\ALDO\Downloads\Otros\staff_cameraman_B.gani'
2026-05-30 20:08:21,391 - INFO - File moved: 'C:\Users\ALDO\Downloads\MEGA\PES 17 City Ground\PES 17 City Ground\ENG - City Ground\common\bg\model\bg\staff\common\motion\staff_cameraman_B.hkx' --> 'C:\Users\ALDO\Downloads\Otros\staff_cameraman_B.hkx'
2026-05-30 20:08:21,392 - INFO - File moved: 'C:\Users\ALDO\Downloads\MEGA\PES 17 City Ground\PES 17 City Ground\ENG - City Ground\common\bg\model\bg\staff\common\motion\staff_cameraman_B_goal.hkx' --> 'C:\Users\ALDO\Downloads\Otros\staff_cameraman_B_goal.hkx'
2026-05-30 20:08:21,393 - INFO - File moved: 'C:\Users\ALDO\Downloads\MEGA\PES 17 City Ground\PES 17 City Ground\ENG - City Ground\common\bg\model\bg\staff\common\motion\staff_cameraman_C.gani' --> 'C:\Users\ALDO\Downloads\Otros\staff_cameraman_C.gani'
2026-05-30 20:08:21,394 - INFO - File moved: 'C:\Users\ALDO\Downloads\MEGA\PES 17 City Ground\PES 17 City Ground\ENG - City Ground\common\bg\model\bg\staff\common\motion\staff_cameraman_C.hkx' --> 'C:\Users\ALDO\Downloads\Otros\staff_cameraman_C.hkx'
2026-05-30 20:08:21,395 - INFO - File moved: 'C:\Users\ALDO\Downloads\MEGA\PES 17 City Ground\PES 17 City Ground\ENG - City Ground\common\bg\model\bg\staff\common\motion\staff_cameraman_NA.gani' --> 'C:\Users\ALDO\Downloads\Otros\staff_cameraman_NA.gani'
2026-05-30 20:08:21,396 - INFO - File moved: 'C:\Users\ALDO\Downloads\MEGA\PES 17 City Ground\PES 17 City Ground\ENG - City Ground\common\bg\model\bg\staff\common\motion\staff_cameraman_NA.hkx' --> 'C:\Users\ALDO\Downloads\Otros\staff_cameraman_NA.hkx'
2026-05-30 20:08:21,397 - INFO - File moved: 'C:\Users\ALDO\Downloads\MEGA\PES 17 City Ground\PES 17 City Ground\ENG - City Ground\common\bg\model\bg\staff\common\motion\staff_cameraman_NB.gani' --> 'C:\Users\ALDO\Downloads\Otros\staff_cameraman_NB.gani'
2026-05-30 20:08:21,398 - INFO - File moved: 'C:\Users\ALDO\Downloads\MEGA\PES 17 City Ground\PES 17 City Ground\ENG - City Ground\common\bg\model\bg\staff\common\motion\staff_cameraman_NB.hkx' --> 'C:\Users\ALDO\Downloads\Otros\staff_cameraman_NB.hkx'
2026-05-30 20:08:21,398 - INFO - File moved: 'C:\Users\ALDO\Downloads\MEGA\PES 17 City Ground\PES 17 City Ground\ENG - City Ground\common\bg\model\bg\staff\common\motion\staff_cameraman_NC.gani' --> 'C:\Users\ALDO\Downloads\Otros\staff_cameraman_NC.gani'
2026-05-30 20:08:21,399 - INFO - File moved: 'C:\Users\ALDO\Downloads\MEGA\PES 17 City Ground\PES 17 City Ground\ENG - City Ground\common\bg\model\bg\staff\common\motion\staff_cameraman_NC.hkx' --> 'C:\Users\ALDO\Downloads\Otros\staff_cameraman_NC.hkx'
2026-05-30 20:08:21,400 - INFO - File moved: 'C:\Users\ALDO\Downloads\MEGA\PES 17 City Ground\PES 17 City Ground\ENG - City Ground\common\bg\model\bg\staff\common\motion\staff_cameraman_NSA.gani' --> 'C:\Users\ALDO\Downloads\Otros\staff_cameraman_NSA.gani'
2026-05-30 20:08:21,400 - INFO - File moved: 'C:\Users\ALDO\Downloads\MEGA\PES 17 City Ground\PES 17 City Ground\ENG - City Ground\common\bg\model\bg\staff\common\motion\staff_cameraman_NSA.hkx' --> 'C:\Users\ALDO\Downloads\Otros\staff_cameraman_NSA.hkx'
2026-05-30 20:08:21,401 - INFO - File moved: 'C:\Users\ALDO\Downloads\MEGA\PES 17 City Ground\PES 17 City Ground\ENG - City Ground\common\bg\model\bg\staff\common\motion\staff_cameraman_NSB.gani' --> 'C:\Users\ALDO\Downloads\Otros\staff_cameraman_NSB.gani'
2026-05-30 20:08:21,403 - INFO - File moved: 'C:\Users\ALDO\Downloads\MEGA\PES 17 City Ground\PES 17 City Ground\ENG - City Ground\common\bg\model\bg\staff\common\motion\staff_cameraman_NSB.hkx' --> 'C:\Users\ALDO\Downloads\Otros\staff_cameraman_NSB.hkx'
2026-05-30 20:08:21,404 - INFO - File moved: 'C:\Users\ALDO\Downloads\MEGA\PES 17 City Ground\PES 17 City Ground\ENG - City Ground\common\bg\model\bg\staff\common\motion\staff_cameraman_NSC.gani' --> 'C:\Users\ALDO\Downloads\Otros\staff_cameraman_NSC.gani'
2026-05-30 20:08:21,405 - INFO - File moved: 'C:\Users\ALDO\Downloads\MEGA\PES 17 City Ground\PES 17 City Ground\ENG - City Ground\common\bg\model\bg\staff\common\motion\staff_cameraman_NSC.hkx' --> 'C:\Users\ALDO\Downloads\Otros\staff_cameraman_NSC.hkx'
2026-05-30 20:08:21,406 - INFO - File moved: 'C:\Users\ALDO\Downloads\MEGA\PES 17 City Ground\PES 17 City Ground\ENG - City Ground\common\bg\model\bg\staff\common\motion\staff_cameraman_SA.gani' --> 'C:\Users\ALDO\Downloads\Otros\staff_cameraman_SA.gani'
2026-05-30 20:08:21,407 - INFO - File moved: 'C:\Users\ALDO\Downloads\MEGA\PES 17 City Ground\PES 17 City Ground\ENG - City Ground\common\bg\model\bg\staff\common\motion\staff_cameraman_SA.hkx' --> 'C:\Users\ALDO\Downloads\Otros\staff_cameraman_SA.hkx'
2026-05-30 20:08:21,408 - INFO - File moved: 'C:\Users\ALDO\Downloads\MEGA\PES 17 City Ground\PES 17 City Ground\ENG - City Ground\common\bg\model\bg\staff\common\motion\staff_cameraman_SB.gani' --> 'C:\Users\ALDO\Downloads\Otros\staff_cameraman_SB.gani'
2026-05-30 20:08:21,409 - INFO - File moved: 'C:\Users\ALDO\Downloads\MEGA\PES 17 City Ground\PES 17 City Ground\ENG - City Ground\common\bg\model\bg\staff\common\motion\staff_cameraman_SB.hkx' --> 'C:\Users\ALDO\Downloads\Otros\staff_cameraman_SB.hkx'
2026-05-30 20:08:21,410 - INFO - File moved: 'C:\Users\ALDO\Downloads\MEGA\PES 17 City Ground\PES 17 City Ground\ENG - City Ground\common\bg\model\bg\staff\common\motion\staff_cameraman_SB_goal.hkx' --> 'C:\Users\ALDO\Downloads\Otros\staff_cameraman_SB_goal.hkx'
2026-05-30 20:08:21,410 - INFO - File moved: 'C:\Users\ALDO\Downloads\MEGA\PES 17 City Ground\PES 17 City Ground\ENG - City Ground\common\bg\model\bg\staff\common\motion\staff_cameraman_SC.gani' --> 'C:\Users\ALDO\Downloads\Otros\staff_cameraman_SC.gani'
2026-05-30 20:08:21,411 - INFO - File moved: 'C:\Users\ALDO\Downloads\MEGA\PES 17 City Ground\PES 17 City Ground\ENG - City Ground\common\bg\model\bg\staff\common\motion\staff_cameraman_SC.hkx' --> 'C:\Users\ALDO\Downloads\Otros\staff_cameraman_SC.hkx'
2026-05-30 20:08:21,412 - INFO - File moved: 'C:\Users\ALDO\Downloads\MEGA\PES 17 City Ground\PES 17 City Ground\ENG - City Ground\common\bg\model\bg\staff\common\motion\staff_coach_idle.hkx' --> 'C:\Users\ALDO\Downloads\Otros\staff_coach_idle.hkx'
2026-05-30 20:08:21,413 - INFO - File moved: 'C:\Users\ALDO\Downloads\MEGA\PES 17 City Ground\PES 17 City Ground\ENG - City Ground\common\bg\model\bg\staff\common\motion\staff_cranecam.gani' --> 'C:\Users\ALDO\Downloads\Otros\staff_cranecam.gani'
2026-05-30 20:08:21,414 - INFO - File moved: 'C:\Users\ALDO\Downloads\MEGA\PES 17 City Ground\PES 17 City Ground\ENG - City Ground\common\bg\model\bg\staff\common\motion\staff_cranecam.hkx' --> 'C:\Users\ALDO\Downloads\Otros\staff_cranecam.hkx'
2026-05-30 20:08:21,415 - INFO - File moved: 'C:\Users\ALDO\Downloads\MEGA\PES 17 City Ground\PES 17 City Ground\ENG - City Ground\common\bg\model\bg\staff\common\motion\staff_cranecam_aim2.gani' --> 'C:\Users\ALDO\Downloads\Otros\staff_cranecam_aim2.gani'
2026-05-30 20:08:21,415 - INFO - File moved: 'C:\Users\ALDO\Downloads\MEGA\PES 17 City Ground\PES 17 City Ground\ENG - City Ground\common\bg\model\bg\staff\common\motion\staff_cranecam_aim2.hkx' --> 'C:\Users\ALDO\Downloads\Otros\staff_cranecam_aim2.hkx'
2026-05-30 20:08:21,416 - INFO - File moved: 'C:\Users\ALDO\Downloads\MEGA\PES 17 City Ground\PES 17 City Ground\ENG - City Ground\common\bg\model\bg\staff\common\motion\staff_group_A.gani' --> 'C:\Users\ALDO\Downloads\Otros\staff_group_A.gani'
2026-05-30 20:08:21,417 - INFO - File moved: 'C:\Users\ALDO\Downloads\MEGA\PES 17 City Ground\PES 17 City Ground\ENG - City Ground\common\bg\model\bg\staff\common\motion\staff_group_A.hkx' --> 'C:\Users\ALDO\Downloads\Otros\staff_group_A.hkx'
2026-05-30 20:08:21,418 - INFO - File moved: 'C:\Users\ALDO\Downloads\MEGA\PES 17 City Ground\PES 17 City Ground\ENG - City Ground\common\bg\model\bg\staff\common\motion\staff_group_B.gani' --> 'C:\Users\ALDO\Downloads\Otros\staff_group_B.gani'
2026-05-30 20:08:21,418 - INFO - File moved: 'C:\Users\ALDO\Downloads\MEGA\PES 17 City Ground\PES 17 City Ground\ENG - City Ground\common\bg\model\bg\staff\common\motion\staff_group_B.hkx' --> 'C:\Users\ALDO\Downloads\Otros\staff_group_B.hkx'
2026-05-30 20:08:21,419 - INFO - File moved: 'C:\Users\ALDO\Downloads\MEGA\PES 17 City Ground\PES 17 City Ground\ENG - City Ground\common\bg\model\bg\staff\common\motion\staff_group_C.gani' --> 'C:\Users\ALDO\Downloads\Otros\staff_group_C.gani'
2026-05-30 20:08:21,420 - INFO - File moved: 'C:\Users\ALDO\Downloads\MEGA\PES 17 City Ground\PES 17 City Ground\ENG - City Ground\common\bg\model\bg\staff\common\motion\staff_group_C.hkx' --> 'C:\Users\ALDO\Downloads\Otros\staff_group_C.hkx'
2026-05-30 20:08:21,421 - INFO - File moved: 'C:\Users\ALDO\Downloads\MEGA\PES 17 City Ground\PES 17 City Ground\ENG - City Ground\common\bg\model\bg\staff\common\motion\staff_steward_sit.gani' --> 'C:\Users\ALDO\Downloads\Otros\staff_steward_sit.gani'
2026-05-30 20:08:21,422 - INFO - File moved: 'C:\Users\ALDO\Downloads\MEGA\PES 17 City Ground\PES 17 City Ground\ENG - City Ground\common\bg\model\bg\staff\common\motion\staff_steward_sit.hkx' --> 'C:\Users\ALDO\Downloads\Otros\staff_steward_sit.hkx'
2026-05-30 20:08:21,423 - INFO - File moved: 'C:\Users\ALDO\Downloads\MEGA\PES 17 City Ground\PES 17 City Ground\ENG - City Ground\common\bg\model\bg\staff\common\motion\staff_steward_stand.gani' --> 'C:\Users\ALDO\Downloads\Otros\staff_steward_stand.gani'
2026-05-30 20:08:21,424 - INFO - File moved: 'C:\Users\ALDO\Downloads\MEGA\PES 17 City Ground\PES 17 City Ground\ENG - City Ground\common\bg\model\bg\staff\common\motion\staff_steward_stand.hkx' --> 'C:\Users\ALDO\Downloads\Otros\staff_steward_stand.hkx'
2026-05-30 20:08:21,424 - INFO - File moved: 'C:\Users\ALDO\Downloads\MEGA\PES 17 City Ground\PES 17 City Ground\ENG - City Ground\common\bg\model\bg\staff\common\motion\st_mobL_coach_katateage.gani' --> 'C:\Users\ALDO\Downloads\Otros\st_mobL_coach_katateage.gani'
2026-05-30 20:08:21,425 - INFO - File moved: 'C:\Users\ALDO\Downloads\MEGA\PES 17 City Ground\PES 17 City Ground\ENG - City Ground\common\bg\model\bg\staff\common\motion\st_mobL_coach_katateage.hkx' --> 'C:\Users\ALDO\Downloads\Otros\st_mobL_coach_katateage.hkx'
2026-05-30 20:08:21,426 - INFO - File moved: 'C:\Users\ALDO\Downloads\MEGA\PES 17 City Ground\PES 17 City Ground\ENG - City Ground\common\bg\model\bg\staff\common\motion\st_mobL_coach_neutral_loop.gani' --> 'C:\Users\ALDO\Downloads\Otros\st_mobL_coach_neutral_loop.gani'
2026-05-30 20:08:21,427 - INFO - File moved: 'C:\Users\ALDO\Downloads\MEGA\PES 17 City Ground\PES 17 City Ground\ENG - City Ground\common\bg\model\bg\staff\common\motion\st_mobL_coach_neutral_loop.hkx' --> 'C:\Users\ALDO\Downloads\Otros\st_mobL_coach_neutral_loop.hkx'
2026-05-30 20:08:21,427 - INFO - File moved: 'C:\Users\ALDO\Downloads\MEGA\PES 17 City Ground\PES 17 City Ground\ENG - City Ground\common\bg\model\bg\staff\common\motion\st_mobL_coach_pocketwalk.gani' --> 'C:\Users\ALDO\Downloads\Otros\st_mobL_coach_pocketwalk.gani'
2026-05-30 20:08:21,428 - INFO - File moved: 'C:\Users\ALDO\Downloads\MEGA\PES 17 City Ground\PES 17 City Ground\ENG - City Ground\common\bg\model\bg\staff\common\motion\st_mobL_coach_pocketwalk.hkx' --> 'C:\Users\ALDO\Downloads\Otros\st_mobL_coach_pocketwalk.hkx'
2026-05-30 20:08:21,429 - INFO - File moved: 'C:\Users\ALDO\Downloads\MEGA\PES 17 City Ground\PES 17 City Ground\ENG - City Ground\common\bg\model\bg\staff\common\motion\st_mobL_coach_ryouteage.gani' --> 'C:\Users\ALDO\Downloads\Otros\st_mobL_coach_ryouteage.gani'
2026-05-30 20:08:21,430 - INFO - File moved: 'C:\Users\ALDO\Downloads\MEGA\PES 17 City Ground\PES 17 City Ground\ENG - City Ground\common\bg\model\bg\staff\common\motion\st_mobL_coach_ryouteage.hkx' --> 'C:\Users\ALDO\Downloads\Otros\st_mobL_coach_ryouteage.hkx'
2026-05-30 20:08:21,431 - INFO - File moved: 'C:\Users\ALDO\Downloads\MEGA\PES 17 City Ground\PES 17 City Ground\ENG - City Ground\common\bg\model\bg\staff\common\motion\st_mobL_coach_shijiL.gani' --> 'C:\Users\ALDO\Downloads\Otros\st_mobL_coach_shijiL.gani'
2026-05-30 20:08:21,431 - INFO - File moved: 'C:\Users\ALDO\Downloads\MEGA\PES 17 City Ground\PES 17 City Ground\ENG - City Ground\common\bg\model\bg\staff\common\motion\st_mobL_coach_shijiL.hkx' --> 'C:\Users\ALDO\Downloads\Otros\st_mobL_coach_shijiL.hkx'
2026-05-30 20:08:21,432 - INFO - File moved: 'C:\Users\ALDO\Downloads\MEGA\PES 17 City Ground\PES 17 City Ground\ENG - City Ground\common\bg\model\bg\staff\common\motion\st_mobL_coach_shijiR.gani' --> 'C:\Users\ALDO\Downloads\Otros\st_mobL_coach_shijiR.gani'
2026-05-30 20:08:21,432 - INFO - File moved: 'C:\Users\ALDO\Downloads\MEGA\PES 17 City Ground\PES 17 City Ground\ENG - City Ground\common\bg\model\bg\staff\common\motion\st_mobL_coach_shijiR.hkx' --> 'C:\Users\ALDO\Downloads\Otros\st_mobL_coach_shijiR.hkx'
2026-05-30 20:08:21,432 - INFO - File moved: 'C:\Users\ALDO\Downloads\MEGA\PES 17 City Ground\PES 17 City Ground\ENG - City Ground\common\bg\model\bg\staff\common\motion\st_mobL_coach_sonobapocket.gani' --> 'C:\Users\ALDO\Downloads\Otros\st_mobL_coach_sonobapocket.gani'
2026-05-30 20:08:21,433 - INFO - File moved: 'C:\Users\ALDO\Downloads\MEGA\PES 17 City Ground\PES 17 City Ground\ENG - City Ground\common\bg\model\bg\staff\common\motion\st_mobL_coach_sonobapocket.hkx' --> 'C:\Users\ALDO\Downloads\Otros\st_mobL_coach_sonobapocket.hkx'
2026-05-30 20:08:21,434 - INFO - File moved: 'C:\Users\ALDO\Downloads\MEGA\PES 17 City Ground\PES 17 City Ground\ENG - City Ground\common\bg\model\bg\staff\common\motion\st_mobL_coach_sonobatehiroge.gani' --> 'C:\Users\ALDO\Downloads\Otros\st_mobL_coach_sonobatehiroge.gani'
2026-05-30 20:08:21,451 - INFO - File moved: 'C:\Users\ALDO\Downloads\MEGA\PES 17 City Ground\PES 17 City Ground\ENG - City Ground\common\bg\model\bg\staff\common\motion\st_mobL_coach_sonobatehiroge.hkx' --> 'C:\Users\ALDO\Downloads\Otros\st_mobL_coach_sonobatehiroge.hkx'
2026-05-30 20:08:21,452 - INFO - File moved: 'C:\Users\ALDO\Downloads\MEGA\PES 17 City Ground\PES 17 City Ground\ENG - City Ground\common\bg\model\bg\staff\common\motion\st_mobL_coach_sonobayubisashi.gani' --> 'C:\Users\ALDO\Downloads\Otros\st_mobL_coach_sonobayubisashi.gani'
2026-05-30 20:08:21,454 - INFO - File moved: 'C:\Users\ALDO\Downloads\MEGA\PES 17 City Ground\PES 17 City Ground\ENG - City Ground\common\bg\model\bg\staff\common\motion\st_mobL_coach_sonobayubisashi.hkx' --> 'C:\Users\ALDO\Downloads\Otros\st_mobL_coach_sonobayubisashi.hkx'
2026-05-30 20:08:21,455 - INFO - File moved: 'C:\Users\ALDO\Downloads\MEGA\PES 17 City Ground\PES 17 City Ground\ENG - City Ground\common\bg\model\bg\staff\common\motion\st_mobL_coach_tehirogewalk.gani' --> 'C:\Users\ALDO\Downloads\Otros\st_mobL_coach_tehirogewalk.gani'
2026-05-30 20:08:21,456 - INFO - File moved: 'C:\Users\ALDO\Downloads\MEGA\PES 17 City Ground\PES 17 City Ground\ENG - City Ground\common\bg\model\bg\staff\common\motion\st_mobL_coach_tehirogewalk.hkx' --> 'C:\Users\ALDO\Downloads\Otros\st_mobL_coach_tehirogewalk.hkx'
2026-05-30 20:08:21,456 - INFO - File moved: 'C:\Users\ALDO\Downloads\MEGA\PES 17 City Ground\PES 17 City Ground\ENG - City Ground\common\bg\model\bg\staff\common\motion\st_mobL_coach_tetataki1.gani' --> 'C:\Users\ALDO\Downloads\Otros\st_mobL_coach_tetataki1.gani'
2026-05-30 20:08:21,457 - INFO - File moved: 'C:\Users\ALDO\Downloads\MEGA\PES 17 City Ground\PES 17 City Ground\ENG - City Ground\common\bg\model\bg\staff\common\motion\st_mobL_coach_tetataki1.hkx' --> 'C:\Users\ALDO\Downloads\Otros\st_mobL_coach_tetataki1.hkx'
2026-05-30 20:08:21,458 - INFO - File moved: 'C:\Users\ALDO\Downloads\MEGA\PES 17 City Ground\PES 17 City Ground\ENG - City Ground\common\bg\model\bg\staff\common\motion\st_mobL_coach_tetataki2.gani' --> 'C:\Users\ALDO\Downloads\Otros\st_mobL_coach_tetataki2.gani'
2026-05-30 20:08:21,459 - INFO - File moved: 'C:\Users\ALDO\Downloads\MEGA\PES 17 City Ground\PES 17 City Ground\ENG - City Ground\common\bg\model\bg\staff\common\motion\st_mobL_coach_tetataki2.hkx' --> 'C:\Users\ALDO\Downloads\Otros\st_mobL_coach_tetataki2.hkx'
2026-05-30 20:08:21,459 - INFO - File moved: 'C:\Users\ALDO\Downloads\MEGA\PES 17 City Ground\PES 17 City Ground\ENG - City Ground\common\bg\model\bg\staff\common\motion\st_mobL_coach_udegumiwalk.gani' --> 'C:\Users\ALDO\Downloads\Otros\st_mobL_coach_udegumiwalk.gani'
2026-05-30 20:08:21,460 - INFO - File moved: 'C:\Users\ALDO\Downloads\MEGA\PES 17 City Ground\PES 17 City Ground\ENG - City Ground\common\bg\model\bg\staff\common\motion\st_mobL_coach_udegumiwalk.hkx' --> 'C:\Users\ALDO\Downloads\Otros\st_mobL_coach_udegumiwalk.hkx'
2026-05-30 20:08:21,461 - INFO - File moved: 'C:\Users\ALDO\Downloads\MEGA\PES 17 City Ground\PES 17 City Ground\ENG - City Ground\common\bg\model\bg\staff\common\motion\st_mobL_coach_yubisashiwalk.gani' --> 'C:\Users\ALDO\Downloads\Otros\st_mobL_coach_yubisashiwalk.gani'
2026-05-30 20:08:21,465 - INFO - File moved: 'C:\Users\ALDO\Downloads\MEGA\PES 17 City Ground\PES 17 City Ground\ENG - City Ground\common\bg\model\bg\staff\common\motion\st_mobL_coach_yubisashiwalk.hkx' --> 'C:\Users\ALDO\Downloads\Otros\st_mobL_coach_yubisashiwalk.hkx'
2026-05-30 20:08:21,466 - INFO - File moved: 'C:\Users\ALDO\Downloads\MEGA\PES 17 City Ground\PES 17 City Ground\ENG - City Ground\common\bg\model\bg\staff\common\skeleton\mob_high_ca00a.skl' --> 'C:\Users\ALDO\Downloads\Otros\mob_high_ca00a.skl'
2026-05-30 20:08:21,467 - INFO - File moved: 'C:\Users\ALDO\Downloads\MEGA\PES 17 City Ground\PES 17 City Ground\ENG - City Ground\common\bg\model\bg\staff\common\skeleton\mob_high_ca01b.skl' --> 'C:\Users\ALDO\Downloads\Otros\mob_high_ca01b.skl'
2026-05-30 20:08:21,468 - INFO - File moved: 'C:\Users\ALDO\Downloads\MEGA\PES 17 City Ground\PES 17 City Ground\ENG - City Ground\common\bg\model\bg\staff\common\skeleton\mob_low_anim_skel.ask' --> 'C:\Users\ALDO\Downloads\Otros\mob_low_anim_skel.ask'
2026-05-30 20:08:21,469 - INFO - File moved: 'C:\Users\ALDO\Downloads\MEGA\PES 17 City Ground\PES 17 City Ground\ENG - City Ground\common\bg\model\bg\staff\common\skeleton\mob_low_render_skel.ask' --> 'C:\Users\ALDO\Downloads\Otros\mob_low_render_skel.ask'
2026-05-30 20:08:21,470 - INFO - File moved: 'C:\Users\ALDO\Downloads\MEGA\PES 17 City Ground\PES 17 City Ground\ENG - City Ground\common\bg\model\bg\staff\common\skeleton\mob_low_skel.frig' --> 'C:\Users\ALDO\Downloads\Otros\mob_low_skel.frig'
2026-05-30 20:08:21,471 - INFO - File moved: 'C:\Users\ALDO\Downloads\MEGA\PES 17 City Ground\PES 17 City Ground\ENG - City Ground\common\bg\model\bg\staff\common\skeleton\mob_low_skeletons.hkx' --> 'C:\Users\ALDO\Downloads\Otros\mob_low_skeletons.hkx'
2026-05-30 20:08:21,472 - INFO - File moved: 'C:\Users\ALDO\Downloads\MEGA\PES 17 City Ground\PES 17 City Ground\ENG - City Ground\common\bg\model\bg\staff\common\skeleton\staff_bnech_skeletons.hkx' --> 'C:\Users\ALDO\Downloads\Otros\staff_bnech_skeletons.hkx'
2026-05-30 20:08:21,473 - INFO - File moved: 'C:\Users\ALDO\Downloads\MEGA\PES 17 City Ground\PES 17 City Ground\ENG - City Ground\common\bg\model\bg\staff\common\skeleton\staff_cameraman_A_anim_skel.ask' --> 'C:\Users\ALDO\Downloads\Otros\staff_cameraman_A_anim_skel.ask'
2026-05-30 20:08:21,474 - INFO - File moved: 'C:\Users\ALDO\Downloads\MEGA\PES 17 City Ground\PES 17 City Ground\ENG - City Ground\common\bg\model\bg\staff\common\skeleton\staff_cameraman_A_render_skel.ask' --> 'C:\Users\ALDO\Downloads\Otros\staff_cameraman_A_render_skel.ask'
2026-05-30 20:08:21,475 - INFO - File moved: 'C:\Users\ALDO\Downloads\MEGA\PES 17 City Ground\PES 17 City Ground\ENG - City Ground\common\bg\model\bg\staff\common\skeleton\staff_cameraman_A_skel.frig' --> 'C:\Users\ALDO\Downloads\Otros\staff_cameraman_A_skel.frig'
2026-05-30 20:08:21,476 - INFO - File moved: 'C:\Users\ALDO\Downloads\MEGA\PES 17 City Ground\PES 17 City Ground\ENG - City Ground\common\bg\model\bg\staff\common\skeleton\staff_cameraman_A_skeletons.hkx' --> 'C:\Users\ALDO\Downloads\Otros\staff_cameraman_A_skeletons.hkx'
2026-05-30 20:08:21,476 - INFO - File moved: 'C:\Users\ALDO\Downloads\MEGA\PES 17 City Ground\PES 17 City Ground\ENG - City Ground\common\bg\model\bg\staff\common\skeleton\staff_cameraman_B_anim_skel.ask' --> 'C:\Users\ALDO\Downloads\Otros\staff_cameraman_B_anim_skel.ask'
2026-05-30 20:08:21,477 - INFO - File moved: 'C:\Users\ALDO\Downloads\MEGA\PES 17 City Ground\PES 17 City Ground\ENG - City Ground\common\bg\model\bg\staff\common\skeleton\staff_cameraman_B_render_skel.ask' --> 'C:\Users\ALDO\Downloads\Otros\staff_cameraman_B_render_skel.ask'
2026-05-30 20:08:21,478 - INFO - File moved: 'C:\Users\ALDO\Downloads\MEGA\PES 17 City Ground\PES 17 City Ground\ENG - City Ground\common\bg\model\bg\staff\common\skeleton\staff_cameraman_B_skel.frig' --> 'C:\Users\ALDO\Downloads\Otros\staff_cameraman_B_skel.frig'
2026-05-30 20:08:21,479 - INFO - File moved: 'C:\Users\ALDO\Downloads\MEGA\PES 17 City Ground\PES 17 City Ground\ENG - City Ground\common\bg\model\bg\staff\common\skeleton\staff_cameraman_B_skeletons.hkx' --> 'C:\Users\ALDO\Downloads\Otros\staff_cameraman_B_skeletons.hkx'
2026-05-30 20:08:21,480 - INFO - File moved: 'C:\Users\ALDO\Downloads\MEGA\PES 17 City Ground\PES 17 City Ground\ENG - City Ground\common\bg\model\bg\staff\common\skeleton\staff_cameraman_C_anim_skel.ask' --> 'C:\Users\ALDO\Downloads\Otros\staff_cameraman_C_anim_skel.ask'
2026-05-30 20:08:21,480 - INFO - File moved: 'C:\Users\ALDO\Downloads\MEGA\PES 17 City Ground\PES 17 City Ground\ENG - City Ground\common\bg\model\bg\staff\common\skeleton\staff_cameraman_C_render_skel.ask' --> 'C:\Users\ALDO\Downloads\Otros\staff_cameraman_C_render_skel.ask'
2026-05-30 20:08:21,481 - INFO - File moved: 'C:\Users\ALDO\Downloads\MEGA\PES 17 City Ground\PES 17 City Ground\ENG - City Ground\common\bg\model\bg\staff\common\skeleton\staff_cameraman_C_skel.frig' --> 'C:\Users\ALDO\Downloads\Otros\staff_cameraman_C_skel.frig'
2026-05-30 20:08:21,482 - INFO - File moved: 'C:\Users\ALDO\Downloads\MEGA\PES 17 City Ground\PES 17 City Ground\ENG - City Ground\common\bg\model\bg\staff\common\skeleton\staff_cameraman_C_skeletons.hkx' --> 'C:\Users\ALDO\Downloads\Otros\staff_cameraman_C_skeletons.hkx'
2026-05-30 20:08:21,483 - INFO - File moved: 'C:\Users\ALDO\Downloads\MEGA\PES 17 City Ground\PES 17 City Ground\ENG - City Ground\common\bg\model\bg\staff\common\skeleton\staff_cameraman_NA_anim_skel.ask' --> 'C:\Users\ALDO\Downloads\Otros\staff_cameraman_NA_anim_skel.ask'
2026-05-30 20:08:21,483 - INFO - File moved: 'C:\Users\ALDO\Downloads\MEGA\PES 17 City Ground\PES 17 City Ground\ENG - City Ground\common\bg\model\bg\staff\common\skeleton\staff_cameraman_NA_render_skel.ask' --> 'C:\Users\ALDO\Downloads\Otros\staff_cameraman_NA_render_skel.ask'
2026-05-30 20:08:21,484 - INFO - File moved: 'C:\Users\ALDO\Downloads\MEGA\PES 17 City Ground\PES 17 City Ground\ENG - City Ground\common\bg\model\bg\staff\common\skeleton\staff_cameraman_NA_skel.frig' --> 'C:\Users\ALDO\Downloads\Otros\staff_cameraman_NA_skel.frig'
2026-05-30 20:08:21,485 - INFO - File moved: 'C:\Users\ALDO\Downloads\MEGA\PES 17 City Ground\PES 17 City Ground\ENG - City Ground\common\bg\model\bg\staff\common\skeleton\staff_cameraman_NA_skeletons.hkx' --> 'C:\Users\ALDO\Downloads\Otros\staff_cameraman_NA_skeletons.hkx'
2026-05-30 20:08:21,486 - INFO - File moved: 'C:\Users\ALDO\Downloads\MEGA\PES 17 City Ground\PES 17 City Ground\ENG - City Ground\common\bg\model\bg\staff\common\skeleton\staff_cameraman_NB_anim_skel.ask' --> 'C:\Users\ALDO\Downloads\Otros\staff_cameraman_NB_anim_skel.ask'
2026-05-30 20:08:21,487 - INFO - File moved: 'C:\Users\ALDO\Downloads\MEGA\PES 17 City Ground\PES 17 City Ground\ENG - City Ground\common\bg\model\bg\staff\common\skeleton\staff_cameraman_NB_render_skel.ask' --> 'C:\Users\ALDO\Downloads\Otros\staff_cameraman_NB_render_skel.ask'
2026-05-30 20:08:21,488 - INFO - File moved: 'C:\Users\ALDO\Downloads\MEGA\PES 17 City Ground\PES 17 City Ground\ENG - City Ground\common\bg\model\bg\staff\common\skeleton\staff_cameraman_NB_skel.frig' --> 'C:\Users\ALDO\Downloads\Otros\staff_cameraman_NB_skel.frig'
2026-05-30 20:08:21,489 - INFO - File moved: 'C:\Users\ALDO\Downloads\MEGA\PES 17 City Ground\PES 17 City Ground\ENG - City Ground\common\bg\model\bg\staff\common\skeleton\staff_cameraman_NB_skeletons.hkx' --> 'C:\Users\ALDO\Downloads\Otros\staff_cameraman_NB_skeletons.hkx'
2026-05-30 20:08:21,490 - INFO - File moved: 'C:\Users\ALDO\Downloads\MEGA\PES 17 City Ground\PES 17 City Ground\ENG - City Ground\common\bg\model\bg\staff\common\skeleton\staff_cameraman_NC_anim_skel.ask' --> 'C:\Users\ALDO\Downloads\Otros\staff_cameraman_NC_anim_skel.ask'
2026-05-30 20:08:21,491 - INFO - File moved: 'C:\Users\ALDO\Downloads\MEGA\PES 17 City Ground\PES 17 City Ground\ENG - City Ground\common\bg\model\bg\staff\common\skeleton\staff_cameraman_NC_render_skel.ask' --> 'C:\Users\ALDO\Downloads\Otros\staff_cameraman_NC_render_skel.ask'
2026-05-30 20:08:21,491 - INFO - File moved: 'C:\Users\ALDO\Downloads\MEGA\PES 17 City Ground\PES 17 City Ground\ENG - City Ground\common\bg\model\bg\staff\common\skeleton\staff_cameraman_NC_skel.frig' --> 'C:\Users\ALDO\Downloads\Otros\staff_cameraman_NC_skel.frig'
2026-05-30 20:08:21,492 - INFO - File moved: 'C:\Users\ALDO\Downloads\MEGA\PES 17 City Ground\PES 17 City Ground\ENG - City Ground\common\bg\model\bg\staff\common\skeleton\staff_cameraman_NC_skeletons.hkx' --> 'C:\Users\ALDO\Downloads\Otros\staff_cameraman_NC_skeletons.hkx'
2026-05-30 20:08:21,493 - INFO - File moved: 'C:\Users\ALDO\Downloads\MEGA\PES 17 City Ground\PES 17 City Ground\ENG - City Ground\common\bg\model\bg\staff\common\skeleton\staff_cameraman_NSA_anim_skel.ask' --> 'C:\Users\ALDO\Downloads\Otros\staff_cameraman_NSA_anim_skel.ask'
2026-05-30 20:08:21,494 - INFO - File moved: 'C:\Users\ALDO\Downloads\MEGA\PES 17 City Ground\PES 17 City Ground\ENG - City Ground\common\bg\model\bg\staff\common\skeleton\staff_cameraman_NSA_render_skel.ask' --> 'C:\Users\ALDO\Downloads\Otros\staff_cameraman_NSA_render_skel.ask'
2026-05-30 20:08:21,494 - INFO - File moved: 'C:\Users\ALDO\Downloads\MEGA\PES 17 City Ground\PES 17 City Ground\ENG - City Ground\common\bg\model\bg\staff\common\skeleton\staff_cameraman_NSA_skel.frig' --> 'C:\Users\ALDO\Downloads\Otros\staff_cameraman_NSA_skel.frig'
2026-05-30 20:08:21,495 - INFO - File moved: 'C:\Users\ALDO\Downloads\MEGA\PES 17 City Ground\PES 17 City Ground\ENG - City Ground\common\bg\model\bg\staff\common\skeleton\staff_cameraman_NSA_skeletons.hkx' --> 'C:\Users\ALDO\Downloads\Otros\staff_cameraman_NSA_skeletons.hkx'
2026-05-30 20:08:21,496 - INFO - File moved: 'C:\Users\ALDO\Downloads\MEGA\PES 17 City Ground\PES 17 City Ground\ENG - City Ground\common\bg\model\bg\staff\common\skeleton\staff_cameraman_NSB_anim_skel.ask' --> 'C:\Users\ALDO\Downloads\Otros\staff_cameraman_NSB_anim_skel.ask'
2026-05-30 20:08:21,497 - INFO - File moved: 'C:\Users\ALDO\Downloads\MEGA\PES 17 City Ground\PES 17 City Ground\ENG - City Ground\common\bg\model\bg\staff\common\skeleton\staff_cameraman_NSB_render_skel.ask' --> 'C:\Users\ALDO\Downloads\Otros\staff_cameraman_NSB_render_skel.ask'
2026-05-30 20:08:21,497 - INFO - File moved: 'C:\Users\ALDO\Downloads\MEGA\PES 17 City Ground\PES 17 City Ground\ENG - City Ground\common\bg\model\bg\staff\common\skeleton\staff_cameraman_NSB_skel.frig' --> 'C:\Users\ALDO\Downloads\Otros\staff_cameraman_NSB_skel.frig'
2026-05-30 20:08:21,498 - INFO - File moved: 'C:\Users\ALDO\Downloads\MEGA\PES 17 City Ground\PES 17 City Ground\ENG - City Ground\common\bg\model\bg\staff\common\skeleton\staff_cameraman_NSB_skeletons.hkx' --> 'C:\Users\ALDO\Downloads\Otros\staff_cameraman_NSB_skeletons.hkx'
2026-05-30 20:08:21,499 - INFO - File moved: 'C:\Users\ALDO\Downloads\MEGA\PES 17 City Ground\PES 17 City Ground\ENG - City Ground\common\bg\model\bg\staff\common\skeleton\staff_cameraman_NSC_anim_skel.ask' --> 'C:\Users\ALDO\Downloads\Otros\staff_cameraman_NSC_anim_skel.ask'
2026-05-30 20:08:21,499 - INFO - File moved: 'C:\Users\ALDO\Downloads\MEGA\PES 17 City Ground\PES 17 City Ground\ENG - City Ground\common\bg\model\bg\staff\common\skeleton\staff_cameraman_NSC_render_skel.ask' --> 'C:\Users\ALDO\Downloads\Otros\staff_cameraman_NSC_render_skel.ask'
2026-05-30 20:08:21,500 - INFO - File moved: 'C:\Users\ALDO\Downloads\MEGA\PES 17 City Ground\PES 17 City Ground\ENG - City Ground\common\bg\model\bg\staff\common\skeleton\staff_cameraman_NSC_skel.frig' --> 'C:\Users\ALDO\Downloads\Otros\staff_cameraman_NSC_skel.frig'
2026-05-30 20:08:21,500 - INFO - File moved: 'C:\Users\ALDO\Downloads\MEGA\PES 17 City Ground\PES 17 City Ground\ENG - City Ground\common\bg\model\bg\staff\common\skeleton\staff_cameraman_NSC_skeletons.hkx' --> 'C:\Users\ALDO\Downloads\Otros\staff_cameraman_NSC_skeletons.hkx'
2026-05-30 20:08:21,501 - INFO - File moved: 'C:\Users\ALDO\Downloads\MEGA\PES 17 City Ground\PES 17 City Ground\ENG - City Ground\common\bg\model\bg\staff\common\skeleton\staff_cameraman_SA_anim_skel.ask' --> 'C:\Users\ALDO\Downloads\Otros\staff_cameraman_SA_anim_skel.ask'
2026-05-30 20:08:21,502 - INFO - File moved: 'C:\Users\ALDO\Downloads\MEGA\PES 17 City Ground\PES 17 City Ground\ENG - City Ground\common\bg\model\bg\staff\common\skeleton\staff_cameraman_SA_render_skel.ask' --> 'C:\Users\ALDO\Downloads\Otros\staff_cameraman_SA_render_skel.ask'
2026-05-30 20:08:21,503 - INFO - File moved: 'C:\Users\ALDO\Downloads\MEGA\PES 17 City Ground\PES 17 City Ground\ENG - City Ground\common\bg\model\bg\staff\common\skeleton\staff_cameraman_SA_skel.frig' --> 'C:\Users\ALDO\Downloads\Otros\staff_cameraman_SA_skel.frig'
2026-05-30 20:08:21,504 - INFO - File moved: 'C:\Users\ALDO\Downloads\MEGA\PES 17 City Ground\PES 17 City Ground\ENG - City Ground\common\bg\model\bg\staff\common\skeleton\staff_cameraman_SA_skeletons.hkx' --> 'C:\Users\ALDO\Downloads\Otros\staff_cameraman_SA_skeletons.hkx'
2026-05-30 20:08:21,506 - INFO - File moved: 'C:\Users\ALDO\Downloads\MEGA\PES 17 City Ground\PES 17 City Ground\ENG - City Ground\common\bg\model\bg\staff\common\skeleton\staff_cameraman_SB_anim_skel.ask' --> 'C:\Users\ALDO\Downloads\Otros\staff_cameraman_SB_anim_skel.ask'
2026-05-30 20:08:21,506 - INFO - File moved: 'C:\Users\ALDO\Downloads\MEGA\PES 17 City Ground\PES 17 City Ground\ENG - City Ground\common\bg\model\bg\staff\common\skeleton\staff_cameraman_SB_render_skel.ask' --> 'C:\Users\ALDO\Downloads\Otros\staff_cameraman_SB_render_skel.ask'
2026-05-30 20:08:21,507 - INFO - File moved: 'C:\Users\ALDO\Downloads\MEGA\PES 17 City Ground\PES 17 City Ground\ENG - City Ground\common\bg\model\bg\staff\common\skeleton\staff_cameraman_SB_skel.frig' --> 'C:\Users\ALDO\Downloads\Otros\staff_cameraman_SB_skel.frig'
2026-05-30 20:08:21,508 - INFO - File moved: 'C:\Users\ALDO\Downloads\MEGA\PES 17 City Ground\PES 17 City Ground\ENG - City Ground\common\bg\model\bg\staff\common\skeleton\staff_cameraman_SB_skeletons.hkx' --> 'C:\Users\ALDO\Downloads\Otros\staff_cameraman_SB_skeletons.hkx'
2026-05-30 20:08:21,509 - INFO - File moved: 'C:\Users\ALDO\Downloads\MEGA\PES 17 City Ground\PES 17 City Ground\ENG - City Ground\common\bg\model\bg\staff\common\skeleton\staff_cameraman_SC_anim_skel.ask' --> 'C:\Users\ALDO\Downloads\Otros\staff_cameraman_SC_anim_skel.ask'
2026-05-30 20:08:21,509 - INFO - File moved: 'C:\Users\ALDO\Downloads\MEGA\PES 17 City Ground\PES 17 City Ground\ENG - City Ground\common\bg\model\bg\staff\common\skeleton\staff_cameraman_SC_render_skel.ask' --> 'C:\Users\ALDO\Downloads\Otros\staff_cameraman_SC_render_skel.ask'
2026-05-30 20:08:21,510 - INFO - File moved: 'C:\Users\ALDO\Downloads\MEGA\PES 17 City Ground\PES 17 City Ground\ENG - City Ground\common\bg\model\bg\staff\common\skeleton\staff_cameraman_SC_skel.frig' --> 'C:\Users\ALDO\Downloads\Otros\staff_cameraman_SC_skel.frig'
2026-05-30 20:08:21,511 - INFO - File moved: 'C:\Users\ALDO\Downloads\MEGA\PES 17 City Ground\PES 17 City Ground\ENG - City Ground\common\bg\model\bg\staff\common\skeleton\staff_cameraman_SC_skeletons.hkx' --> 'C:\Users\ALDO\Downloads\Otros\staff_cameraman_SC_skeletons.hkx'
2026-05-30 20:08:21,512 - INFO - File moved: 'C:\Users\ALDO\Downloads\MEGA\PES 17 City Ground\PES 17 City Ground\ENG - City Ground\common\bg\model\bg\staff\common\skeleton\staff_cranecam_anim_skel.ask' --> 'C:\Users\ALDO\Downloads\Otros\staff_cranecam_anim_skel.ask'
2026-05-30 20:08:21,512 - INFO - File moved: 'C:\Users\ALDO\Downloads\MEGA\PES 17 City Ground\PES 17 City Ground\ENG - City Ground\common\bg\model\bg\staff\common\skeleton\staff_cranecam_render_skel.ask' --> 'C:\Users\ALDO\Downloads\Otros\staff_cranecam_render_skel.ask'
2026-05-30 20:08:21,513 - INFO - File moved: 'C:\Users\ALDO\Downloads\MEGA\PES 17 City Ground\PES 17 City Ground\ENG - City Ground\common\bg\model\bg\staff\common\skeleton\staff_cranecam_skel.frig' --> 'C:\Users\ALDO\Downloads\Otros\staff_cranecam_skel.frig'
2026-05-30 20:08:21,514 - INFO - File moved: 'C:\Users\ALDO\Downloads\MEGA\PES 17 City Ground\PES 17 City Ground\ENG - City Ground\common\bg\model\bg\staff\common\skeleton\staff_cranecam_skeletons.hkx' --> 'C:\Users\ALDO\Downloads\Otros\staff_cranecam_skeletons.hkx'
2026-05-30 20:08:21,514 - INFO - File moved: 'C:\Users\ALDO\Downloads\MEGA\PES 17 City Ground\PES 17 City Ground\ENG - City Ground\common\bg\model\bg\staff\common\skeleton\staff_group_A_anim_skel.ask' --> 'C:\Users\ALDO\Downloads\Otros\staff_group_A_anim_skel.ask'
2026-05-30 20:08:21,515 - INFO - File moved: 'C:\Users\ALDO\Downloads\MEGA\PES 17 City Ground\PES 17 City Ground\ENG - City Ground\common\bg\model\bg\staff\common\skeleton\staff_group_A_render_skel.ask' --> 'C:\Users\ALDO\Downloads\Otros\staff_group_A_render_skel.ask'
2026-05-30 20:08:21,516 - INFO - File moved: 'C:\Users\ALDO\Downloads\MEGA\PES 17 City Ground\PES 17 City Ground\ENG - City Ground\common\bg\model\bg\staff\common\skeleton\staff_group_A_skel.frig' --> 'C:\Users\ALDO\Downloads\Otros\staff_group_A_skel.frig'
2026-05-30 20:08:21,516 - INFO - File moved: 'C:\Users\ALDO\Downloads\MEGA\PES 17 City Ground\PES 17 City Ground\ENG - City Ground\common\bg\model\bg\staff\common\skeleton\staff_group_A_skeletons.hkx' --> 'C:\Users\ALDO\Downloads\Otros\staff_group_A_skeletons.hkx'
2026-05-30 20:08:21,516 - INFO - File moved: 'C:\Users\ALDO\Downloads\MEGA\PES 17 City Ground\PES 17 City Ground\ENG - City Ground\common\bg\model\bg\staff\common\skeleton\staff_group_B_anim_skel.ask' --> 'C:\Users\ALDO\Downloads\Otros\staff_group_B_anim_skel.ask'
2026-05-30 20:08:21,517 - INFO - File moved: 'C:\Users\ALDO\Downloads\MEGA\PES 17 City Ground\PES 17 City Ground\ENG - City Ground\common\bg\model\bg\staff\common\skeleton\staff_group_B_render_skel.ask' --> 'C:\Users\ALDO\Downloads\Otros\staff_group_B_render_skel.ask'
2026-05-30 20:08:21,518 - INFO - File moved: 'C:\Users\ALDO\Downloads\MEGA\PES 17 City Ground\PES 17 City Ground\ENG - City Ground\common\bg\model\bg\staff\common\skeleton\staff_group_B_skel.frig' --> 'C:\Users\ALDO\Downloads\Otros\staff_group_B_skel.frig'
2026-05-30 20:08:21,519 - INFO - File moved: 'C:\Users\ALDO\Downloads\MEGA\PES 17 City Ground\PES 17 City Ground\ENG - City Ground\common\bg\model\bg\staff\common\skeleton\staff_group_B_skeletons.hkx' --> 'C:\Users\ALDO\Downloads\Otros\staff_group_B_skeletons.hkx'
2026-05-30 20:08:21,520 - INFO - File moved: 'C:\Users\ALDO\Downloads\MEGA\PES 17 City Ground\PES 17 City Ground\ENG - City Ground\common\bg\model\bg\staff\common\skeleton\staff_group_C_anim_skel.ask' --> 'C:\Users\ALDO\Downloads\Otros\staff_group_C_anim_skel.ask'
2026-05-30 20:08:21,521 - INFO - File moved: 'C:\Users\ALDO\Downloads\MEGA\PES 17 City Ground\PES 17 City Ground\ENG - City Ground\common\bg\model\bg\staff\common\skeleton\staff_group_C_render_skel.ask' --> 'C:\Users\ALDO\Downloads\Otros\staff_group_C_render_skel.ask'
2026-05-30 20:08:21,522 - INFO - File moved: 'C:\Users\ALDO\Downloads\MEGA\PES 17 City Ground\PES 17 City Ground\ENG - City Ground\common\bg\model\bg\staff\common\skeleton\staff_group_C_skel.frig' --> 'C:\Users\ALDO\Downloads\Otros\staff_group_C_skel.frig'
2026-05-30 20:08:21,522 - INFO - File moved: 'C:\Users\ALDO\Downloads\MEGA\PES 17 City Ground\PES 17 City Ground\ENG - City Ground\common\bg\model\bg\staff\common\skeleton\staff_group_C_skeletons.hkx' --> 'C:\Users\ALDO\Downloads\Otros\staff_group_C_skeletons.hkx'
2026-05-30 20:08:21,523 - INFO - File moved: 'C:\Users\ALDO\Downloads\MEGA\PES 17 City Ground\PES 17 City Ground\ENG - City Ground\common\bg\model\bg\staff\common\skeleton\staff_steward_sit_anim_skel.ask' --> 'C:\Users\ALDO\Downloads\Otros\staff_steward_sit_anim_skel.ask'
2026-05-30 20:08:21,524 - INFO - File moved: 'C:\Users\ALDO\Downloads\MEGA\PES 17 City Ground\PES 17 City Ground\ENG - City Ground\common\bg\model\bg\staff\common\skeleton\staff_steward_sit_render_skel.ask' --> 'C:\Users\ALDO\Downloads\Otros\staff_steward_sit_render_skel.ask'
2026-05-30 20:08:21,525 - INFO - File moved: 'C:\Users\ALDO\Downloads\MEGA\PES 17 City Ground\PES 17 City Ground\ENG - City Ground\common\bg\model\bg\staff\common\skeleton\staff_steward_sit_skel.frig' --> 'C:\Users\ALDO\Downloads\Otros\staff_steward_sit_skel.frig'
2026-05-30 20:08:21,526 - INFO - File moved: 'C:\Users\ALDO\Downloads\MEGA\PES 17 City Ground\PES 17 City Ground\ENG - City Ground\common\bg\model\bg\staff\common\skeleton\staff_steward_sit_skeletons.hkx' --> 'C:\Users\ALDO\Downloads\Otros\staff_steward_sit_skeletons.hkx'
2026-05-30 20:08:21,527 - INFO - File moved: 'C:\Users\ALDO\Downloads\MEGA\PES 17 City Ground\PES 17 City Ground\ENG - City Ground\common\bg\model\bg\staff\common\skeleton\staff_steward_stand_anim_skel.ask' --> 'C:\Users\ALDO\Downloads\Otros\staff_steward_stand_anim_skel.ask'
2026-05-30 20:08:21,528 - INFO - File moved: 'C:\Users\ALDO\Downloads\MEGA\PES 17 City Ground\PES 17 City Ground\ENG - City Ground\common\bg\model\bg\staff\common\skeleton\staff_steward_stand_render_skel.ask' --> 'C:\Users\ALDO\Downloads\Otros\staff_steward_stand_render_skel.ask'
2026-05-30 20:08:21,528 - INFO - File moved: 'C:\Users\ALDO\Downloads\MEGA\PES 17 City Ground\PES 17 City Ground\ENG - City Ground\common\bg\model\bg\staff\common\skeleton\staff_steward_stand_skel.frig' --> 'C:\Users\ALDO\Downloads\Otros\staff_steward_stand_skel.frig'
2026-05-30 20:08:21,532 - INFO - File moved: 'C:\Users\ALDO\Downloads\MEGA\PES 17 City Ground\PES 17 City Ground\ENG - City Ground\common\bg\model\bg\staff\common\skeleton\staff_steward_stand_skeletons.hkx' --> 'C:\Users\ALDO\Downloads\Otros\staff_steward_stand_skeletons.hkx'
2026-05-30 20:08:21,533 - INFO - File moved: 'C:\Users\ALDO\Downloads\MEGA\PES 17 City Ground\PES 17 City Ground\ENG - City Ground\common\bg\model\bg\staff\common\texture\staff.dds' --> 'C:\Users\ALDO\Downloads\Otros\staff.dds'
2026-05-30 20:08:21,534 - INFO - File moved: 'C:\Users\ALDO\Downloads\MEGA\PES 17 City Ground\PES 17 City Ground\ENG - City Ground\common\bg\model\bg\staff\common\texture\staff_nrm.dds' --> 'C:\Users\ALDO\Downloads\Otros\staff_nrm.dds'
2026-05-30 20:08:21,534 - INFO - File moved: 'C:\Users\ALDO\Downloads\MEGA\PES 17 City Ground\PES 17 City Ground\ENG - City Ground\common\bg\model\bg\staff\common\texture\staff_rgm.dds' --> 'C:\Users\ALDO\Downloads\Otros\staff_rgm.dds'
2026-05-30 20:08:21,535 - INFO - File moved: 'C:\Users\ALDO\Downloads\MEGA\PES 17 City Ground\PES 17 City Ground\ENG - City Ground\common\bg\model\bg\staff\common\texture\staff_spa.dds' --> 'C:\Users\ALDO\Downloads\Otros\staff_spa.dds'
2026-05-30 20:08:21,536 - INFO - File moved: 'C:\Users\ALDO\Downloads\MEGA\PES 17 City Ground\PES 17 City Ground\ENG - City Ground\common\bg\model\bg\staff\common\texture\staff_spm.dds' --> 'C:\Users\ALDO\Downloads\Otros\staff_spm.dds'
2026-05-30 20:08:21,537 - INFO - File moved: 'C:\Users\ALDO\Downloads\MEGA\PES 17 City Ground\PES 17 City Ground\ENG - City Ground\common\bg\model\bg\staff\st191\staff.xml' --> 'C:\Users\ALDO\Downloads\Código\staff.xml'
2026-05-30 20:08:21,538 - INFO - File moved: 'C:\Users\ALDO\Downloads\MEGA\PES 17 City Ground\PES 17 City Ground\ENG - City Ground\common\bg\model\bg\staff\st191\locator\locstaff_front1_vol1_normal.model' --> 'C:\Users\ALDO\Downloads\Otros\locstaff_front1_vol1_normal.model'
2026-05-30 20:08:21,539 - INFO - File moved: 'C:\Users\ALDO\Downloads\MEGA\PES 17 City Ground\PES 17 City Ground\ENG - City Ground\common\bg\model\bg\staff\st191\locator\locstaff_front1_vol1_pk.model' --> 'C:\Users\ALDO\Downloads\Otros\locstaff_front1_vol1_pk.model'
2026-05-30 20:08:21,540 - INFO - File moved: 'C:\Users\ALDO\Downloads\MEGA\PES 17 City Ground\PES 17 City Ground\ENG - City Ground\common\bg\model\bg\staff\st191\locator\locstaff_front1_vol2_normal.model' --> 'C:\Users\ALDO\Downloads\Otros\locstaff_front1_vol2_normal.model'
2026-05-30 20:08:21,540 - INFO - File moved: 'C:\Users\ALDO\Downloads\MEGA\PES 17 City Ground\PES 17 City Ground\ENG - City Ground\common\bg\model\bg\staff\st191\locator\locstaff_front1_vol2_pk.model' --> 'C:\Users\ALDO\Downloads\Otros\locstaff_front1_vol2_pk.model'
2026-05-30 20:08:21,541 - INFO - File moved: 'C:\Users\ALDO\Downloads\MEGA\PES 17 City Ground\PES 17 City Ground\ENG - City Ground\common\bg\model\bg\tv\common\texture\bg_basic_large.dds' --> 'C:\Users\ALDO\Downloads\Otros\bg_basic_large.dds'
2026-05-30 20:08:21,542 - INFO - File moved: 'C:\Users\ALDO\Downloads\MEGA\PES 17 City Ground\PES 17 City Ground\ENG - City Ground\common\bg\model\bg\tv\common\texture\bg_basic_score.dds' --> 'C:\Users\ALDO\Downloads\Otros\bg_basic_score.dds'
2026-05-30 20:08:21,543 - INFO - File moved: 'C:\Users\ALDO\Downloads\MEGA\PES 17 City Ground\PES 17 City Ground\ENG - City Ground\common\bg\model\bg\tv\common\texture\bg_basic_small.dds' --> 'C:\Users\ALDO\Downloads\Otros\bg_basic_small.dds'
2026-05-30 20:08:21,544 - INFO - File moved: 'C:\Users\ALDO\Downloads\MEGA\PES 17 City Ground\PES 17 City Ground\ENG - City Ground\common\bg\model\bg\tv\common\texture\bg_off_large.dds' --> 'C:\Users\ALDO\Downloads\Otros\bg_off_large.dds'
2026-05-30 20:08:21,544 - INFO - File moved: 'C:\Users\ALDO\Downloads\MEGA\PES 17 City Ground\PES 17 City Ground\ENG - City Ground\common\bg\model\bg\tv\common\texture\bg_off_small.dds' --> 'C:\Users\ALDO\Downloads\Otros\bg_off_small.dds'
2026-05-30 20:08:21,545 - INFO - File moved: 'C:\Users\ALDO\Downloads\MEGA\PES 17 City Ground\PES 17 City Ground\ENG - City Ground\common\bg\model\bg\tv\common\texture\emb_a.dds' --> 'C:\Users\ALDO\Downloads\Otros\emb_a.dds'
2026-05-30 20:08:21,546 - INFO - File moved: 'C:\Users\ALDO\Downloads\MEGA\PES 17 City Ground\PES 17 City Ground\ENG - City Ground\common\bg\model\bg\tv\common\texture\emb_h.dds' --> 'C:\Users\ALDO\Downloads\Otros\emb_h.dds'
2026-05-30 20:08:21,547 - INFO - File moved: 'C:\Users\ALDO\Downloads\MEGA\PES 17 City Ground\PES 17 City Ground\ENG - City Ground\common\bg\model\bg\tv\common\texture\tv_wrap.dds' --> 'C:\Users\ALDO\Downloads\Otros\tv_wrap.dds'
2026-05-30 20:08:21,548 - INFO - File moved: 'C:\Users\ALDO\Downloads\MEGA\PES 17 City Ground\PES 17 City Ground\ENG - City Ground\common\bg\model\bg\tv\st191\tv_condition.xml' --> 'C:\Users\ALDO\Downloads\Código\tv_condition.xml'
2026-05-30 20:08:21,548 - INFO - File moved: 'C:\Users\ALDO\Downloads\MEGA\PES 17 City Ground\PES 17 City Ground\ENG - City Ground\common\bg\model\bg\tv\st191\tv_template_st191_basic.mtl' --> 'C:\Users\ALDO\Downloads\Otros\tv_template_st191_basic.mtl'
2026-05-30 20:08:21,549 - INFO - File moved: 'C:\Users\ALDO\Downloads\MEGA\PES 17 City Ground\PES 17 City Ground\ENG - City Ground\common\bg\model\bg\tv\st191\tv_template_st191_basic.xml' --> 'C:\Users\ALDO\Downloads\Código\tv_template_st191_basic.xml'
2026-05-30 20:08:21,550 - INFO - File moved: 'C:\Users\ALDO\Downloads\MEGA\PES 17 City Ground\PES 17 City Ground\ENG - City Ground\common\bg\model\bg\tv\st191\model\basic_tv_match_large.model' --> 'C:\Users\ALDO\Downloads\Otros\basic_tv_match_large.model'
2026-05-30 20:08:21,551 - INFO - File moved: 'C:\Users\ALDO\Downloads\MEGA\PES 17 City Ground\PES 17 City Ground\ENG - City Ground\common\bg\model\bg\tv\st191\model\basic_tv_match_score_large.model' --> 'C:\Users\ALDO\Downloads\Otros\basic_tv_match_score_large.model'
2026-05-30 20:08:21,552 - INFO - File moved: 'C:\Users\ALDO\Downloads\MEGA\PES 17 City Ground\PES 17 City Ground\ENG - City Ground\common\bg\model\bg\tv\st191\model\basic_tv_match_score_small.model' --> 'C:\Users\ALDO\Downloads\Otros\basic_tv_match_score_small.model'
2026-05-30 20:08:21,553 - INFO - File moved: 'C:\Users\ALDO\Downloads\MEGA\PES 17 City Ground\PES 17 City Ground\ENG - City Ground\common\bg\model\bg\tv\st191\model\basic_tv_match_small.model' --> 'C:\Users\ALDO\Downloads\Otros\basic_tv_match_small.model'
2026-05-30 20:08:21,554 - INFO - File moved: 'C:\Users\ALDO\Downloads\MEGA\PES 17 City Ground\PES 17 City Ground\ENG - City Ground\common\bg\model\bg\tv\st191\model\basic_tv_score_large.model' --> 'C:\Users\ALDO\Downloads\Otros\basic_tv_score_large.model'
2026-05-30 20:08:21,555 - INFO - File moved: 'C:\Users\ALDO\Downloads\MEGA\PES 17 City Ground\PES 17 City Ground\ENG - City Ground\common\bg\model\bg\tv\st191\model\basic_tv_score_small.model' --> 'C:\Users\ALDO\Downloads\Otros\basic_tv_score_small.model'
2026-05-30 20:08:21,556 - INFO - File moved: 'C:\Users\ALDO\Downloads\MEGA\PES 17 City Ground\PES 17 City Ground\ENG - City Ground\common\demo\fixdemo\ent\table_ent.bin' --> 'C:\Users\ALDO\Downloads\Otros\table_ent.bin'
2026-05-30 20:08:21,557 - INFO - File moved: 'C:\Users\ALDO\Downloads\MEGA\PES 17 City Ground\PES 17 City Ground\ENG - City Ground\common\demo\fixdemo\ent\cut_data\ent_001_view_st000_cam.fdc' --> 'C:\Users\ALDO\Downloads\Otros\ent_001_view_st000_cam.fdc'
2026-05-30 20:08:21,558 - INFO - File moved: 'C:\Users\ALDO\Downloads\MEGA\PES 17 City Ground\PES 17 City Ground\ENG - City Ground\common\demo\fixdemo\ent\cut_data\ent_009_st000_cmn_cam.fdc' --> 'C:\Users\ALDO\Downloads\Otros\ent_009_st000_cmn_cam.fdc'
2026-05-30 20:08:21,558 - INFO - File moved: 'C:\Users\ALDO\Downloads\MEGA\PES 17 City Ground\PES 17 City Ground\ENG - City Ground\common\demo\fixdemo\ent\cut_data\ent_009_st000_cmn_mob.fdc' --> 'C:\Users\ALDO\Downloads\Otros\ent_009_st000_cmn_mob.fdc'
2026-05-30 20:08:21,559 - INFO - File moved: 'C:\Users\ALDO\Downloads\MEGA\PES 17 City Ground\PES 17 City Ground\ENG - City Ground\common\demo\fixdemo\ent\cut_data\ent_009_st000_cmn_pl.fdc' --> 'C:\Users\ALDO\Downloads\Otros\ent_009_st000_cmn_pl.fdc'
2026-05-30 20:08:21,560 - INFO - File moved: 'C:\Users\ALDO\Downloads\MEGA\PES 17 City Ground\PES 17 City Ground\ENG - City Ground\common\demo\fixdemo\ent\cut_data\ent_011_st000_cmn_cam_n.fdc' --> 'C:\Users\ALDO\Downloads\Otros\ent_011_st000_cmn_cam_n.fdc'
2026-05-30 20:08:21,561 - INFO - File moved: 'C:\Users\ALDO\Downloads\MEGA\PES 17 City Ground\PES 17 City Ground\ENG - City Ground\common\demo\fixdemo\ent\cut_data\ent_020_st000_cam.fdc' --> 'C:\Users\ALDO\Downloads\Otros\ent_020_st000_cam.fdc'
2026-05-30 20:08:21,561 - INFO - File moved: 'C:\Users\ALDO\Downloads\MEGA\PES 17 City Ground\PES 17 City Ground\ENG - City Ground\common\demo\fixdemo\ent\cut_data\ent_audi_middleidle.fdc' --> 'C:\Users\ALDO\Downloads\Otros\ent_audi_middleidle.fdc'
2026-05-30 20:08:21,562 - INFO - File moved: 'C:\Users\ALDO\Downloads\MEGA\PES 17 City Ground\PES 17 City Ground\ENG - City Ground\common\demo\fixdemo\ent\cut_data\ent_obj_arch_acl_st000.fdc' --> 'C:\Users\ALDO\Downloads\Otros\ent_obj_arch_acl_st000.fdc'
2026-05-30 20:08:21,563 - INFO - File moved: 'C:\Users\ALDO\Downloads\MEGA\PES 17 City Ground\PES 17 City Ground\ENG - City Ground\common\demo\fixdemo\ent\cut_data\ent_obj_arch_ucl_road_st000.fdc' --> 'C:\Users\ALDO\Downloads\Otros\ent_obj_arch_ucl_road_st000.fdc'
2026-05-30 20:08:21,564 - INFO - File moved: 'C:\Users\ALDO\Downloads\MEGA\PES 17 City Ground\PES 17 City Ground\ENG - City Ground\common\demo\fixdemo\ent\cut_data\ent_obj_arch_ucl_st000.fdc' --> 'C:\Users\ALDO\Downloads\Otros\ent_obj_arch_ucl_st000.fdc'
2026-05-30 20:08:21,564 - INFO - File moved: 'C:\Users\ALDO\Downloads\MEGA\PES 17 City Ground\PES 17 City Ground\ENG - City Ground\common\demo\fixdemo\ent\cut_data\ent_obj_arch_uel_st000.fdc' --> 'C:\Users\ALDO\Downloads\Otros\ent_obj_arch_uel_st000.fdc'
2026-05-30 20:08:21,565 - INFO - File moved: 'C:\Users\ALDO\Downloads\MEGA\PES 17 City Ground\PES 17 City Ground\ENG - City Ground\common\demo\fixdemo\goal\table_goal.bin' --> 'C:\Users\ALDO\Downloads\Otros\table_goal.bin'
2026-05-30 20:08:21,565 - INFO - File moved: 'C:\Users\ALDO\Downloads\MEGA\PES 17 City Ground\PES 17 City Ground\ENG - City Ground\common\demo\fixdemo\goal\cut_data\goal_ins_st029_away_A.fdc' --> 'C:\Users\ALDO\Downloads\Otros\goal_ins_st029_away_A.fdc'
2026-05-30 20:08:21,566 - INFO - File moved: 'C:\Users\ALDO\Downloads\MEGA\PES 17 City Ground\PES 17 City Ground\ENG - City Ground\common\demo\fixdemo\goal\cut_data\goal_ins_st029_away_B.fdc' --> 'C:\Users\ALDO\Downloads\Otros\goal_ins_st029_away_B.fdc'
2026-05-30 20:08:21,566 - INFO - File moved: 'C:\Users\ALDO\Downloads\MEGA\PES 17 City Ground\PES 17 City Ground\ENG - City Ground\common\demo\fixdemo\goal\cut_data\goal_ins_st029_home_A.fdc' --> 'C:\Users\ALDO\Downloads\Otros\goal_ins_st029_home_A.fdc'
2026-05-30 20:08:21,567 - INFO - File moved: 'C:\Users\ALDO\Downloads\MEGA\PES 17 City Ground\PES 17 City Ground\ENG - City Ground\common\demo\fixdemo\goal\cut_data\goal_ins_st029_home_B3.fdc' --> 'C:\Users\ALDO\Downloads\Otros\goal_ins_st029_home_B3.fdc'
2026-05-30 20:08:21,567 - INFO - File moved: 'C:\Users\ALDO\Downloads\MEGA\PES 17 City Ground\PES 17 City Ground\ENG - City Ground\common\demo\fixdemo\goal\cut_data\goal_ins_st029_home_B4.fdc' --> 'C:\Users\ALDO\Downloads\Otros\goal_ins_st029_home_B4.fdc'
2026-05-30 20:08:21,568 - INFO - File moved: 'C:\Users\ALDO\Downloads\MEGA\PES 17 City Ground\PES 17 City Ground\ENG - City Ground\common\demo\fixdemo\goal\cut_data\goal_ins_st029_tv.fdc' --> 'C:\Users\ALDO\Downloads\Otros\goal_ins_st029_tv.fdc'
2026-05-30 20:08:21,569 - INFO - File moved: 'C:\Users\ALDO\Downloads\MEGA\PES 17 City Ground\PES 17 City Ground\ENG - City Ground\common\demo\fixdemo\timeup\cut_data\tUP_half_cmn_01_cam_st000.fdc' --> 'C:\Users\ALDO\Downloads\Otros\tUP_half_cmn_01_cam_st000.fdc'
2026-05-30 20:08:21,570 - INFO - File moved: 'C:\Users\ALDO\Downloads\MEGA\PES 17 City Ground\PES 17 City Ground\ENG - City Ground\common\demo\fixdemo\timeup\cut_data\tUP_half_cmn_01_pl_st000.fdc' --> 'C:\Users\ALDO\Downloads\Otros\tUP_half_cmn_01_pl_st000.fdc'
2026-05-30 20:08:21,571 - INFO - File moved: 'C:\Users\ALDO\Downloads\MEGA\PES 17 City Ground\PES 17 City Ground\ENG - City Ground\common\demo\fixdemo\timeup\cut_data\tUP_half_cmn_02_cam_st000.fdc' --> 'C:\Users\ALDO\Downloads\Otros\tUP_half_cmn_02_cam_st000.fdc'
2026-05-30 20:08:21,571 - INFO - File moved: 'C:\Users\ALDO\Downloads\MEGA\PES 17 City Ground\PES 17 City Ground\ENG - City Ground\common\demo\fixdemo\timeup\cut_data\tUP_half_cmn_02_pl_st000.fdc' --> 'C:\Users\ALDO\Downloads\Otros\tUP_half_cmn_02_pl_st000.fdc'
2026-05-30 20:08:21,572 - INFO - File moved: 'C:\Users\ALDO\Downloads\MEGA\PES 17 City Ground\PES 17 City Ground\ENG - City Ground\common\render\model\bg\hit\stadium\st191\hit_stand.geom' --> 'C:\Users\ALDO\Downloads\Otros\hit_stand.geom'
2026-05-30 20:08:21,573 - INFO - File moved: 'C:\Users\ALDO\Downloads\MEGA\PES 17 City Ground\PES 17 City Ground\ENG - City Ground\common\render\thumbnail\stadium\st191.dds' --> 'C:\Users\ALDO\Downloads\Otros\st191.dds'
2026-05-30 20:08:21,574 - INFO - File moved: 'C:\Users\ALDO\Downloads\MEGA\PES 2017 -InMortal- Stadium Super Pack V2\readme.txt' --> 'C:\Users\ALDO\Downloads\Documentos\readme.txt'
2026-05-30 20:08:21,574 - INFO - Already organize: {src}, skipping
2026-05-30 20:08:21,585 - INFO - Skipping, same file found: 'C:\Users\ALDO\Downloads\Otros\audiarea.bin'
2026-05-30 20:08:21,585 - INFO - Already organize: {src}, skipping
2026-05-30 20:08:21,593 - INFO - Skipping, same file found: 'C:\Users\ALDO\Downloads\Otros\au_ambient (1).dds'
2026-05-30 20:08:21,593 - INFO - Already organize: {src}, skipping
2026-05-30 20:08:21,602 - INFO - Skipping, same file found: 'C:\Users\ALDO\Downloads\Otros\au_ambient.dds'
2026-05-30 20:08:21,602 - INFO - Already organize: {src}, skipping
2026-05-30 20:08:21,658 - INFO - Skipping, same file found: 'C:\Users\ALDO\Downloads\Otros\au_choreo1.dds'
2026-05-30 20:08:21,658 - INFO - Already organize: {src}, skipping
2026-05-30 20:08:21,829 - INFO - Skipping, same file found: 'C:\Users\ALDO\Downloads\Otros\au_choreo2.dds'
2026-05-30 20:08:21,829 - INFO - Already organize: {src}, skipping
2026-05-30 20:08:21,845 - INFO - Skipping, same file found: 'C:\Users\ALDO\Downloads\Otros\au_choreo_mask1.dds'
2026-05-30 20:08:21,845 - INFO - Already organize: {src}, skipping
2026-05-30 20:08:21,863 - INFO - Skipping, same file found: 'C:\Users\ALDO\Downloads\Otros\au_choreo_mask2.dds'
2026-05-30 20:08:21,863 - INFO - Already organize: {src}, skipping
2026-05-30 20:08:21,874 - INFO - Skipping, same file found: 'C:\Users\ALDO\Downloads\Otros\au_choreo_mask3.dds'
2026-05-30 20:08:21,874 - INFO - Already organize: {src}, skipping
2026-05-30 20:08:21,875 - INFO - Skipping, same file found: 'C:\Users\ALDO\Downloads\Otros\au_illumi.dds'
2026-05-30 20:08:21,875 - INFO - Already organize: {src}, skipping
2026-05-30 20:08:21,884 - INFO - Skipping, same file found: 'C:\Users\ALDO\Downloads\Otros\au_lightdir.dds'
2026-05-30 20:08:21,884 - INFO - Already organize: {src}, skipping
2026-05-30 20:08:21,894 - INFO - Skipping, same file found: 'C:\Users\ALDO\Downloads\Otros\au_seat.dds'
2026-05-30 20:08:21,894 - INFO - Already organize: {src}, skipping
2026-05-30 20:08:21,906 - INFO - Skipping, same file found: 'C:\Users\ALDO\Downloads\Otros\au_shade.dds'
2026-05-30 20:08:21,907 - INFO - Already organize: {src}, skipping
2026-05-30 20:08:21,907 - INFO - Skipping, same file found: 'C:\Users\ALDO\Downloads\Otros\desktop.ini'
2026-05-30 20:08:21,907 - INFO - Already organize: {src}, skipping
2026-05-30 20:08:22,164 - INFO - Skipping, same file found: 'C:\Users\ALDO\Downloads\Otros\dotnet-sdk-8.azwGNryD.0.421-win-x64(1).exe.part'
2026-05-30 20:08:22,164 - INFO - Already organize: {src}, skipping
2026-05-30 20:08:22,277 - INFO - Skipping, same file found: 'C:\Users\ALDO\Downloads\Otros\dotnet-sdk-8.MyeKMFll.0.421-win-x64.exe.part'
2026-05-30 20:08:22,278 - INFO - Already organize: {src}, skipping
2026-05-30 20:08:22,322 - INFO - Skipping, same file found: 'C:\Users\ALDO\Downloads\Otros\Microsoft.lfnPwXcD.VisualStudio.Services(1).VSIXPackage.part'
2026-05-30 20:08:22,322 - INFO - Already organize: {src}, skipping
2026-05-30 20:08:22,347 - INFO - Skipping, same file found: 'C:\Users\ALDO\Downloads\Otros\Microsoft.Services.Store.winmd'
2026-05-30 20:08:22,347 - INFO - Already organize: {src}, skipping
2026-05-30 20:08:22,348 - INFO - Skipping, same file found: 'C:\Users\ALDO\Downloads\Otros\Microsoft.VisualStudio.Services(1).VSIXPackage'
2026-05-30 20:08:22,348 - INFO - Already organize: {src}, skipping
2026-05-30 20:08:22,367 - INFO - Skipping, same file found: 'C:\Users\ALDO\Downloads\Otros\Microsoft.VisualStudio.Services.VSIXPackage'
2026-05-30 20:08:22,368 - INFO - File moved: 'C:\Users\ALDO\Downloads\Programs\bitdefender_avfree.exe' --> 'C:\Users\ALDO\Downloads\Ejecutables\bitdefender_avfree.exe'
2026-05-30 20:08:22,369 - INFO - File moved: 'C:\Users\ALDO\Downloads\Programs\node-v24.15.0-x64.msi' --> 'C:\Users\ALDO\Downloads\Ejecutables\node-v24.15.0-x64.msi'
2026-05-30 20:08:22,370 - INFO - File moved: 'C:\Users\ALDO\Downloads\Telegram Desktop\Building_Chatbots_with_Python_Using_Natural_Language_Processing.pdf' --> 'C:\Users\ALDO\Downloads\Documentos\Building_Chatbots_with_Python_Using_Natural_Language_Processing.pdf'
2026-05-30 20:08:22,371 - INFO - File moved: 'C:\Users\ALDO\Downloads\Telegram Desktop\Clase_Práctica_#19_Integral_indefinida_Integración_por_sustitución.pdf' --> 'C:\Users\ALDO\Downloads\Documentos\Clase_Práctica_#19_Integral_indefinida_Integración_por_sustitución.pdf'
2026-05-30 20:08:22,372 - INFO - File moved: 'C:\Users\ALDO\Downloads\Telegram Desktop\Clase_Práctica_#20_Integración_por_partes_Integración_de_fracciones.pdf' --> 'C:\Users\ALDO\Downloads\Documentos\Clase_Práctica_#20_Integración_por_partes_Integración_de_fracciones.pdf'
2026-05-30 20:08:22,373 - INFO - File moved: 'C:\Users\ALDO\Downloads\Telegram Desktop\Clase_Práctica_#21_Integración_de_expresiones_irracionales_y_trigonamètricas.pdf' --> 'C:\Users\ALDO\Downloads\Documentos\Clase_Práctica_#21_Integración_de_expresiones_irracionales_y_trigonamètricas.pdf'
2026-05-30 20:08:22,374 - INFO - File moved: 'C:\Users\ALDO\Downloads\Telegram Desktop\Clase_Práctica_#22_Integral_definida_Clases_de_funciones_integrables.pdf' --> 'C:\Users\ALDO\Downloads\Documentos\Clase_Práctica_#22_Integral_definida_Clases_de_funciones_integrables.pdf'
2026-05-30 20:08:22,374 - INFO - File moved: 'C:\Users\ALDO\Downloads\Telegram Desktop\Clase_Práctica_#23_Integral_con_límite_superior_variable_Propiedades.pdf' --> 'C:\Users\ALDO\Downloads\Documentos\Clase_Práctica_#23_Integral_con_límite_superior_variable_Propiedades.pdf'
2026-05-30 20:08:22,375 - INFO - File moved: 'C:\Users\ALDO\Downloads\Telegram Desktop\Clase_Práctica_#24_Cálculo_de_la_integral_definida_Aplicación_al.pdf' --> 'C:\Users\ALDO\Downloads\Documentos\Clase_Práctica_#24_Cálculo_de_la_integral_definida_Aplicación_al.pdf'
2026-05-30 20:08:22,376 - INFO - File moved: 'C:\Users\ALDO\Downloads\Telegram Desktop\Coleccion_Ejercicios_AlgebraII_v2.pdf' --> 'C:\Users\ALDO\Downloads\Documentos\Coleccion_Ejercicios_AlgebraII_v2.pdf'
2026-05-30 20:08:22,377 - INFO - File moved: 'C:\Users\ALDO\Downloads\Telegram Desktop\CP#1    CP#7.pdf' --> 'C:\Users\ALDO\Downloads\Documentos\CP#1    CP#7.pdf'
2026-05-30 20:08:22,378 - INFO - File moved: 'C:\Users\ALDO\Downloads\Telegram Desktop\CP#18.pdf' --> 'C:\Users\ALDO\Downloads\Documentos\CP#18.pdf'
2026-05-30 20:08:22,378 - INFO - File moved: 'C:\Users\ALDO\Downloads\Telegram Desktop\CP#19.pdf' --> 'C:\Users\ALDO\Downloads\Documentos\CP#19.pdf'
2026-05-30 20:08:22,379 - INFO - File moved: 'C:\Users\ALDO\Downloads\Telegram Desktop\CP#3    CP#10.pdf' --> 'C:\Users\ALDO\Downloads\Documentos\CP#3    CP#10.pdf'
2026-05-30 20:08:22,380 - INFO - File moved: 'C:\Users\ALDO\Downloads\Telegram Desktop\CP#4    CP#11.pdf' --> 'C:\Users\ALDO\Downloads\Documentos\CP#4    CP#11.pdf'
2026-05-30 20:08:22,381 - INFO - File moved: 'C:\Users\ALDO\Downloads\Telegram Desktop\CP#5    CP#12.pdf' --> 'C:\Users\ALDO\Downloads\Documentos\CP#5    CP#12.pdf'
2026-05-30 20:08:22,381 - INFO - File moved: 'C:\Users\ALDO\Downloads\Telegram Desktop\CP#6    CP#13.pdf' --> 'C:\Users\ALDO\Downloads\Documentos\CP#6    CP#13.pdf'
2026-05-30 20:08:22,382 - INFO - File moved: 'C:\Users\ALDO\Downloads\Telegram Desktop\CP#7    CP#14.pdf' --> 'C:\Users\ALDO\Downloads\Documentos\CP#7    CP#14.pdf'
2026-05-30 20:08:22,382 - INFO - File moved: 'C:\Users\ALDO\Downloads\Telegram Desktop\CP#8    CP#15.pdf' --> 'C:\Users\ALDO\Downloads\Documentos\CP#8    CP#15.pdf'
2026-05-30 20:08:22,383 - INFO - File moved: 'C:\Users\ALDO\Downloads\Telegram Desktop\CP1.pdf' --> 'C:\Users\ALDO\Downloads\Documentos\CP1.pdf'
2026-05-30 20:08:22,384 - INFO - File moved: 'C:\Users\ALDO\Downloads\Telegram Desktop\CP2.rar' --> 'C:\Users\ALDO\Downloads\Comprimidos\CP2.rar'
2026-05-30 20:08:22,385 - INFO - File moved: 'C:\Users\ALDO\Downloads\Telegram Desktop\CP3.rar' --> 'C:\Users\ALDO\Downloads\Comprimidos\CP3.rar'
2026-05-30 20:08:22,385 - INFO - File moved: 'C:\Users\ALDO\Downloads\Telegram Desktop\CP4.rar' --> 'C:\Users\ALDO\Downloads\Comprimidos\CP4.rar'
2026-05-30 20:08:22,386 - INFO - File moved: 'C:\Users\ALDO\Downloads\Telegram Desktop\CP5.rar' --> 'C:\Users\ALDO\Downloads\Comprimidos\CP5.rar'
2026-05-30 20:08:22,387 - INFO - File moved: 'C:\Users\ALDO\Downloads\Telegram Desktop\CP9 Limites de funciones de varias variables.rar' --> 'C:\Users\ALDO\Downloads\Comprimidos\CP9 Limites de funciones de varias variables.rar'
2026-05-30 20:08:22,388 - INFO - File moved: 'C:\Users\ALDO\Downloads\Telegram Desktop\Formas_Cuadraticas.pdf' --> 'C:\Users\ALDO\Downloads\Documentos\Formas_Cuadraticas.pdf'
2026-05-30 20:08:22,390 - INFO - File moved: 'C:\Users\ALDO\Downloads\Telegram Desktop\La_sagrada_Constitución_Otra_crítica_de_la_crítica_crítica_by_FARLL.pdf' --> 'C:\Users\ALDO\Downloads\Documentos\La_sagrada_Constitución_Otra_crítica_de_la_crítica_crítica_by_FARLL.pdf'
2026-05-30 20:08:22,391 - INFO - File moved: 'C:\Users\ALDO\Downloads\Telegram Desktop\NOTA_#2_SOBRE_LA_CONTINUIDAD_DEL_PROCESO_DOCENTE_EN_LA_SEMIPRESENCIALIDAD.docx' --> 'C:\Users\ALDO\Downloads\Documentos\NOTA_#2_SOBRE_LA_CONTINUIDAD_DEL_PROCESO_DOCENTE_EN_LA_SEMIPRESENCIALIDAD.docx'
2026-05-30 20:08:22,392 - INFO - File moved: 'C:\Users\ALDO\Downloads\Telegram Desktop\PROPUESTA DE DIAS PARA ATENCION A ESTUD DE OTRAS IES.pdf' --> 'C:\Users\ALDO\Downloads\Documentos\PROPUESTA DE DIAS PARA ATENCION A ESTUD DE OTRAS IES.pdf'
2026-05-30 20:08:22,395 - INFO - File moved: 'C:\Users\ALDO\Downloads\Telegram Desktop\respuesta_circunferencia_distancias.pdf' --> 'C:\Users\ALDO\Downloads\Documentos\respuesta_circunferencia_distancias.pdf'
2026-05-30 20:08:22,397 - INFO - File moved: 'C:\Users\ALDO\Downloads\Telegram Desktop\respuesta_circunferencia_distancias.tex' --> 'C:\Users\ALDO\Downloads\Otros\respuesta_circunferencia_distancias.tex'
2026-05-30 20:08:22,398 - INFO - File moved: 'C:\Users\ALDO\Downloads\Telegram Desktop\Rutinas de entrenamiento (records).ods' --> 'C:\Users\ALDO\Downloads\Documentos\Rutinas de entrenamiento (records).ods'
2026-05-30 20:08:22,399 - INFO - File moved: 'C:\Users\ALDO\Downloads\Telegram Desktop\Screenshot 2026-05-03 150123_edited.png' --> 'C:\Users\ALDO\Downloads\Imágenes\Screenshot 2026-05-03 150123_edited.png'
2026-05-30 20:08:22,415 - INFO - Skipping, same file found: 'C:\Users\ALDO\Downloads\Telegram Desktop\Tema II. Conferencias.pdf'
2026-05-30 20:08:22,416 - INFO - File moved: 'C:\Users\ALDO\Downloads\Telegram Desktop\Trabajo_de_Historia_de_Cuba__2 (2).pdf' --> 'C:\Users\ALDO\Downloads\Documentos\Trabajo_de_Historia_de_Cuba__2 (2).pdf'
2026-05-30 20:08:22,417 - INFO - File moved: 'C:\Users\ALDO\Downloads\Video\Adding Sounds and Music To Your Game - PyGame Thursdays 6.mkv' --> 'C:\Users\ALDO\Downloads\Vídeos\Adding Sounds and Music To Your Game - PyGame Thursdays 6.mkv'
2026-05-30 20:08:22,419 - INFO - File moved: 'C:\Users\ALDO\Downloads\Video\Jigokuraku 2nd Season Episodio 12 Sub Español - AnimeFLV.ts' --> 'C:\Users\ALDO\Downloads\Otros\Jigokuraku 2nd Season Episodio 12 Sub Español - AnimeFLV.ts'
2026-05-30 20:08:22,422 - INFO - File moved: 'C:\Users\ALDO\Downloads\Video\PES 2017 - COMO INTRODUCIR O MAPEAR ESTADIOS - TODO LO QUE DEBES SABER.mp4' --> 'C:\Users\ALDO\Downloads\Vídeos\PES 2017 - COMO INTRODUCIR O MAPEAR ESTADIOS - TODO LO QUE DEBES SABER.mp4'
2026-05-30 20:08:22,422 - INFO - Already organize: {src}, skipping
2026-05-30 20:08:22,579 - INFO - Skipping, same file found: 'C:\Users\ALDO\Downloads\Vídeos\103_49_pJIC.mp4'
2026-05-30 20:08:22,579 - INFO - THE ORGANIZER HAS ENDED THE TASK
2026-05-30 20:14:19,929 - INFO - Starting in: {root_dir}
2026-05-30 20:14:19,952 - INFO - File moved: 'C:\Users\ALDO\Videos\A Bruxa_ Parte 2 - Parte 2 - 1.mp4' --> 'C:\Users\ALDO\Videos\Vídeos\A Bruxa_ Parte 2 - Parte 2 - 1.mp4'
2026-05-30 20:14:19,954 - INFO - File moved: 'C:\Users\ALDO\Videos\Cars 1.mp4' --> 'C:\Users\ALDO\Videos\Vídeos\Cars 1.mp4'
2026-05-30 20:14:19,955 - INFO - File moved: 'C:\Users\ALDO\Videos\desktop.ini' --> 'C:\Users\ALDO\Videos\Otros\desktop.ini'
2026-05-30 20:14:19,956 - INFO - File moved: 'C:\Users\ALDO\Videos\Dragon Ball Super Broly [2018].mp4' --> 'C:\Users\ALDO\Videos\Vídeos\Dragon Ball Super Broly [2018].mp4'
2026-05-30 20:14:19,957 - INFO - File moved: 'C:\Users\ALDO\Videos\DragonBall Super SuperHero Película HD.mp4' --> 'C:\Users\ALDO\Videos\Vídeos\DragonBall Super SuperHero Película HD.mp4'
2026-05-30 20:14:19,958 - INFO - File moved: 'C:\Users\ALDO\Videos\El Gato Con Botas El ultimo deseo.mp4' --> 'C:\Users\ALDO\Videos\Vídeos\El Gato Con Botas El ultimo deseo.mp4'
2026-05-30 20:14:19,959 - INFO - File moved: 'C:\Users\ALDO\Videos\Interestelar.mp4' --> 'C:\Users\ALDO\Videos\Vídeos\Interestelar.mp4'
2026-05-30 20:14:19,960 - INFO - File moved: 'C:\Users\ALDO\Videos\KFP1.mkv' --> 'C:\Users\ALDO\Videos\Vídeos\KFP1.mkv'
2026-05-30 20:14:19,961 - INFO - File moved: 'C:\Users\ALDO\Videos\KFP2.mkv' --> 'C:\Users\ALDO\Videos\Vídeos\KFP2.mkv'
2026-05-30 20:14:19,962 - INFO - File moved: 'C:\Users\ALDO\Videos\KFP3.mkv' --> 'C:\Users\ALDO\Videos\Vídeos\KFP3.mkv'
2026-05-30 20:14:19,963 - INFO - File moved: 'C:\Users\ALDO\Videos\La bruja_ Parte 1 - La subversión - Parte 1 - 1.mp4' --> 'C:\Users\ALDO\Videos\Vídeos\La bruja_ Parte 1 - La subversión - Parte 1 - 1.mp4'
2026-05-30 20:14:19,964 - INFO - File moved: 'C:\Users\ALDO\Videos\Michael - 1.mp4' --> 'C:\Users\ALDO\Videos\Vídeos\Michael - 1.mp4'
2026-05-30 20:14:19,965 - INFO - File moved: 'C:\Users\ALDO\Videos\Oppenheimer-high.mp4' --> 'C:\Users\ALDO\Videos\Vídeos\Oppenheimer-high.mp4'
2026-05-30 20:14:19,966 - INFO - File moved: 'C:\Users\ALDO\Videos\Oppenheimer.srt' --> 'C:\Users\ALDO\Videos\Otros\Oppenheimer.srt'
2026-05-30 20:14:19,967 - INFO - File moved: 'C:\Users\ALDO\Videos\The Super Mario Galaxy (2026)♡linu.mp4' --> 'C:\Users\ALDO\Videos\Vídeos\The Super Mario Galaxy (2026)♡linu.mp4'
2026-05-30 20:14:19,967 - INFO - File moved: 'C:\Users\ALDO\Videos\Transformers One (2024)♡linu.mp4' --> 'C:\Users\ALDO\Videos\Vídeos\Transformers One (2024)♡linu.mp4'
2026-05-30 20:14:19,968 - INFO - File moved: 'C:\Users\ALDO\Videos\✵⃘่่่่่่่่่่่่่่่͜͡🌹𝕮𝖑𝖆𝖚︪𐨸ꔷ⃘࣭࣭࣭࣭ٜ❀۫⃝💥ⁱʳᵒⁿ ᵐᵃⁿ 1.mp4' --> 'C:\Users\ALDO\Videos\Vídeos\✵⃘่่่่่่่่่่่่่่่͜͡🌹𝕮𝖑𝖆𝖚︪𐨸ꔷ⃘࣭࣭࣭࣭ٜ❀۫⃝💥ⁱʳᵒⁿ ᵐᵃⁿ 1.mp4'
2026-05-30 20:14:19,970 - INFO - File moved: 'C:\Users\ALDO\Videos\✵⃘่่่่่่่่่่่่่่่͜͡🌹𝕮𝖑𝖆𝖚︪𐨸ꔷ⃘࣭࣭࣭࣭ٜ❀۫⃝💥ⁱʳᵒⁿ ᵐᵃⁿ 2.mp4' --> 'C:\Users\ALDO\Videos\Vídeos\✵⃘่่่่่่่่่่่่่่่͜͡🌹𝕮𝖑𝖆𝖚︪𐨸ꔷ⃘࣭࣭࣭࣭ٜ❀۫⃝💥ⁱʳᵒⁿ ᵐᵃⁿ 2.mp4'
2026-05-30 20:14:32,494 - INFO - File renamed into: 'C:\Users\ALDO\Videos\Otros\desktop (1).ini'
2026-05-30 20:14:32,495 - INFO - File moved: 'C:\Users\ALDO\Videos\Captures\desktop.ini' --> 'C:\Users\ALDO\Videos\Otros\desktop (1).ini'
2026-05-30 20:14:32,496 - INFO - THE ORGANIZER HAS ENDED THE TASK
2026-05-30 20:20:43,113 - INFO - Starting in: {root_dir}
2026-05-30 20:20:43,130 - INFO - File moved: 'C:\Users\ALDO\Videos\A Bruxa_ Parte 2 - Parte 2 - 1.mp4' --> 'C:\Users\ALDO\Videos\Vídeos\A Bruxa_ Parte 2 - Parte 2 - 1.mp4'
2026-05-30 20:20:43,131 - INFO - File moved: 'C:\Users\ALDO\Videos\Cars 1.mp4' --> 'C:\Users\ALDO\Videos\Vídeos\Cars 1.mp4'
2026-05-30 20:20:43,132 - INFO - File moved: 'C:\Users\ALDO\Videos\cleaner.py' --> 'C:\Users\ALDO\Videos\Código\cleaner.py'
2026-05-30 20:20:43,133 - INFO - File moved: 'C:\Users\ALDO\Videos\config.py' --> 'C:\Users\ALDO\Videos\Código\config.py'
2026-05-30 20:20:43,134 - INFO - File moved: 'C:\Users\ALDO\Videos\Dragon Ball Super Broly [2018].mp4' --> 'C:\Users\ALDO\Videos\Vídeos\Dragon Ball Super Broly [2018].mp4'
2026-05-30 20:20:43,135 - INFO - File moved: 'C:\Users\ALDO\Videos\DragonBall Super SuperHero Película HD.mp4' --> 'C:\Users\ALDO\Videos\Vídeos\DragonBall Super SuperHero Película HD.mp4'
2026-05-30 20:20:43,135 - INFO - File moved: 'C:\Users\ALDO\Videos\El Gato Con Botas El ultimo deseo.mp4' --> 'C:\Users\ALDO\Videos\Vídeos\El Gato Con Botas El ultimo deseo.mp4'
2026-05-30 20:20:43,136 - INFO - File moved: 'C:\Users\ALDO\Videos\FileOrganizer.spec' --> 'C:\Users\ALDO\Videos\Otros\FileOrganizer.spec'
2026-05-30 20:20:43,138 - INFO - File moved: 'C:\Users\ALDO\Videos\hasher.py' --> 'C:\Users\ALDO\Videos\Código\hasher.py'
2026-05-30 20:20:43,139 - INFO - File moved: 'C:\Users\ALDO\Videos\Interestelar.mp4' --> 'C:\Users\ALDO\Videos\Vídeos\Interestelar.mp4'
2026-05-30 20:20:43,140 - INFO - File moved: 'C:\Users\ALDO\Videos\KFP1.mkv' --> 'C:\Users\ALDO\Videos\Vídeos\KFP1.mkv'
2026-05-30 20:20:43,141 - INFO - File moved: 'C:\Users\ALDO\Videos\KFP2.mkv' --> 'C:\Users\ALDO\Videos\Vídeos\KFP2.mkv'
2026-05-30 20:20:43,141 - INFO - File moved: 'C:\Users\ALDO\Videos\KFP3.mkv' --> 'C:\Users\ALDO\Videos\Vídeos\KFP3.mkv'
2026-05-30 20:20:43,142 - INFO - File moved: 'C:\Users\ALDO\Videos\La bruja_ Parte 1 - La subversión - Parte 1 - 1.mp4' --> 'C:\Users\ALDO\Videos\Vídeos\La bruja_ Parte 1 - La subversión - Parte 1 - 1.mp4'
2026-05-30 20:20:43,142 - INFO - File moved: 'C:\Users\ALDO\Videos\logger.py' --> 'C:\Users\ALDO\Videos\Código\logger.py'
2026-05-30 20:20:43,143 - INFO - File moved: 'C:\Users\ALDO\Videos\main.py' --> 'C:\Users\ALDO\Videos\Código\main.py'
2026-05-30 20:20:43,144 - INFO - File moved: 'C:\Users\ALDO\Videos\Michael - 1.mp4' --> 'C:\Users\ALDO\Videos\Vídeos\Michael - 1.mp4'
2026-05-30 20:20:43,144 - INFO - File moved: 'C:\Users\ALDO\Videos\Oppenheimer-high.mp4' --> 'C:\Users\ALDO\Videos\Vídeos\Oppenheimer-high.mp4'
2026-05-30 20:20:43,145 - INFO - File moved: 'C:\Users\ALDO\Videos\Oppenheimer.srt' --> 'C:\Users\ALDO\Videos\Otros\Oppenheimer.srt'
2026-05-30 20:20:43,145 - INFO - File moved: 'C:\Users\ALDO\Videos\organizador.log' --> 'C:\Users\ALDO\Videos\Otros\organizador.log'
2026-05-30 20:20:43,146 - INFO - File moved: 'C:\Users\ALDO\Videos\organizer.py' --> 'C:\Users\ALDO\Videos\Código\organizer.py'
2026-05-30 20:20:43,147 - INFO - File moved: 'C:\Users\ALDO\Videos\The Super Mario Galaxy (2026)♡linu.mp4' --> 'C:\Users\ALDO\Videos\Vídeos\The Super Mario Galaxy (2026)♡linu.mp4'
2026-05-30 20:20:43,147 - INFO - File moved: 'C:\Users\ALDO\Videos\Transformers One (2024)♡linu.mp4' --> 'C:\Users\ALDO\Videos\Vídeos\Transformers One (2024)♡linu.mp4'
2026-05-30 20:20:43,148 - INFO - File moved: 'C:\Users\ALDO\Videos\✵⃘่่่่่่่่่่่่่่่͜͡🌹𝕮𝖑𝖆𝖚︪𐨸ꔷ⃘࣭࣭࣭࣭ٜ❀۫⃝💥ⁱʳᵒⁿ ᵐᵃⁿ 1.mp4' --> 'C:\Users\ALDO\Videos\Vídeos\✵⃘่่่่่่่่่่่่่่่͜͡🌹𝕮𝖑𝖆𝖚︪𐨸ꔷ⃘࣭࣭࣭࣭ٜ❀۫⃝💥ⁱʳᵒⁿ ᵐᵃⁿ 1.mp4'
2026-05-30 20:20:43,148 - INFO - File moved: 'C:\Users\ALDO\Videos\✵⃘่่่่่่่่่่่่่่่͜͡🌹𝕮𝖑𝖆𝖚︪𐨸ꔷ⃘࣭࣭࣭࣭ٜ❀۫⃝💥ⁱʳᵒⁿ ᵐᵃⁿ 2.mp4' --> 'C:\Users\ALDO\Videos\Vídeos\✵⃘่่่่่่่่่่่่่่่͜͡🌹𝕮𝖑𝖆𝖚︪𐨸ꔷ⃘࣭࣭࣭࣭ٜ❀۫⃝💥ⁱʳᵒⁿ ᵐᵃⁿ 2.mp4'
2026-05-30 20:20:43,149 - INFO - File moved: 'C:\Users\ALDO\Videos\build\FileOrganizer\Analysis-00.toc' --> 'C:\Users\ALDO\Videos\Otros\Analysis-00.toc'
2026-05-30 20:20:43,150 - INFO - File moved: 'C:\Users\ALDO\Videos\build\FileOrganizer\base_library.zip' --> 'C:\Users\ALDO\Videos\Comprimidos\base_library.zip'
2026-05-30 20:20:43,151 - INFO - File moved: 'C:\Users\ALDO\Videos\build\FileOrganizer\EXE-00.toc' --> 'C:\Users\ALDO\Videos\Otros\EXE-00.toc'
2026-05-30 20:20:43,151 - INFO - File moved: 'C:\Users\ALDO\Videos\build\FileOrganizer\FileOrganizer.pkg' --> 'C:\Users\ALDO\Videos\Otros\FileOrganizer.pkg'
2026-05-30 20:20:43,152 - INFO - File moved: 'C:\Users\ALDO\Videos\build\FileOrganizer\PKG-00.toc' --> 'C:\Users\ALDO\Videos\Otros\PKG-00.toc'
2026-05-30 20:20:43,153 - INFO - File moved: 'C:\Users\ALDO\Videos\build\FileOrganizer\PYZ-00.pyz' --> 'C:\Users\ALDO\Videos\Otros\PYZ-00.pyz'
2026-05-30 20:20:43,154 - INFO - File moved: 'C:\Users\ALDO\Videos\build\FileOrganizer\PYZ-00.toc' --> 'C:\Users\ALDO\Videos\Otros\PYZ-00.toc'
2026-05-30 20:20:43,155 - INFO - File moved: 'C:\Users\ALDO\Videos\build\FileOrganizer\warn-FileOrganizer.txt' --> 'C:\Users\ALDO\Videos\Documentos\warn-FileOrganizer.txt'
2026-05-30 20:20:43,155 - INFO - File moved: 'C:\Users\ALDO\Videos\build\FileOrganizer\xref-FileOrganizer.html' --> 'C:\Users\ALDO\Videos\Código\xref-FileOrganizer.html'
2026-05-30 20:20:43,156 - INFO - File moved: 'C:\Users\ALDO\Videos\build\FileOrganizer\localpycs\pyimod01_archive.pyc' --> 'C:\Users\ALDO\Videos\Otros\pyimod01_archive.pyc'
2026-05-30 20:20:43,157 - INFO - File moved: 'C:\Users\ALDO\Videos\build\FileOrganizer\localpycs\pyimod02_importers.pyc' --> 'C:\Users\ALDO\Videos\Otros\pyimod02_importers.pyc'
2026-05-30 20:20:43,157 - INFO - File moved: 'C:\Users\ALDO\Videos\build\FileOrganizer\localpycs\pyimod03_ctypes.pyc' --> 'C:\Users\ALDO\Videos\Otros\pyimod03_ctypes.pyc'
2026-05-30 20:20:43,158 - INFO - File moved: 'C:\Users\ALDO\Videos\build\FileOrganizer\localpycs\pyimod04_pywin32.pyc' --> 'C:\Users\ALDO\Videos\Otros\pyimod04_pywin32.pyc'
2026-05-30 20:20:43,158 - INFO - File moved: 'C:\Users\ALDO\Videos\build\FileOrganizer\localpycs\struct.pyc' --> 'C:\Users\ALDO\Videos\Otros\struct.pyc'
2026-05-30 20:20:43,159 - INFO - File moved: 'C:\Users\ALDO\Videos\dist\FileOrganizer.exe' --> 'C:\Users\ALDO\Videos\Ejecutables\FileOrganizer.exe'
2026-05-30 20:20:50,483 - INFO - Overwritting file: 'C:\Users\ALDO\Videos\Otros\organizador.log' with 'C:\Users\ALDO\Videos\dist\organizador.log'
2026-05-30 20:20:50,485 - INFO - File moved: 'C:\Users\ALDO\Videos\dist\organizador.log' --> 'C:\Users\ALDO\Videos\Otros\organizador.log'
2026-05-30 20:20:50,487 - INFO - File moved: 'C:\Users\ALDO\Videos\__pycache__\cleaner.cpython-314.pyc' --> 'C:\Users\ALDO\Videos\Otros\cleaner.cpython-314.pyc'
2026-05-30 20:20:50,487 - INFO - File moved: 'C:\Users\ALDO\Videos\__pycache__\config.cpython-314.pyc' --> 'C:\Users\ALDO\Videos\Otros\config.cpython-314.pyc'
2026-05-30 20:20:50,488 - INFO - File moved: 'C:\Users\ALDO\Videos\__pycache__\hasher.cpython-314.pyc' --> 'C:\Users\ALDO\Videos\Otros\hasher.cpython-314.pyc'
2026-05-30 20:20:50,488 - INFO - File moved: 'C:\Users\ALDO\Videos\__pycache__\logger.cpython-314.pyc' --> 'C:\Users\ALDO\Videos\Otros\logger.cpython-314.pyc'
2026-05-30 20:20:50,489 - INFO - File moved: 'C:\Users\ALDO\Videos\__pycache__\organizer.cpython-314.pyc' --> 'C:\Users\ALDO\Videos\Otros\organizer.cpython-314.pyc'
2026-05-30 20:20:50,490 - INFO - THE ORGANIZER HAS ENDED THE TASK
2026-05-30 20:25:09,861 - INFO - Starting in: {root_dir}
2026-05-30 20:25:09,877 - INFO - File moved: 'C:\Users\ALDO\Videos\A Bruxa_ Parte 2 - Parte 2 - 1.mp4' --> 'C:\Users\ALDO\Videos\Vídeos\A Bruxa_ Parte 2 - Parte 2 - 1.mp4'
2026-05-30 20:25:09,878 - INFO - File moved: 'C:\Users\ALDO\Videos\Cars 1.mp4' --> 'C:\Users\ALDO\Videos\Vídeos\Cars 1.mp4'
2026-05-30 20:25:09,879 - INFO - File moved: 'C:\Users\ALDO\Videos\cleaner.py' --> 'C:\Users\ALDO\Videos\Código\cleaner.py'
2026-05-30 20:25:09,880 - INFO - File moved: 'C:\Users\ALDO\Videos\config.py' --> 'C:\Users\ALDO\Videos\Código\config.py'
2026-05-30 20:25:09,927 - INFO - File moved: 'C:\Users\ALDO\Videos\Dragon Ball Super Broly [2018].mp4' --> 'C:\Users\ALDO\Videos\Vídeos\Dragon Ball Super Broly [2018].mp4'
2026-05-30 20:25:09,928 - INFO - File moved: 'C:\Users\ALDO\Videos\DragonBall Super SuperHero Película HD.mp4' --> 'C:\Users\ALDO\Videos\Vídeos\DragonBall Super SuperHero Película HD.mp4'
2026-05-30 20:25:09,929 - INFO - File moved: 'C:\Users\ALDO\Videos\El Gato Con Botas El ultimo deseo.mp4' --> 'C:\Users\ALDO\Videos\Vídeos\El Gato Con Botas El ultimo deseo.mp4'
2026-05-30 20:25:09,930 - INFO - File moved: 'C:\Users\ALDO\Videos\FileOrganizer.spec' --> 'C:\Users\ALDO\Videos\Otros\FileOrganizer.spec'
2026-05-30 20:25:09,930 - INFO - File moved: 'C:\Users\ALDO\Videos\hasher.py' --> 'C:\Users\ALDO\Videos\Código\hasher.py'
2026-05-30 20:25:09,931 - INFO - File moved: 'C:\Users\ALDO\Videos\Interestelar.mp4' --> 'C:\Users\ALDO\Videos\Vídeos\Interestelar.mp4'
2026-05-30 20:25:09,931 - INFO - File moved: 'C:\Users\ALDO\Videos\KFP1.mkv' --> 'C:\Users\ALDO\Videos\Vídeos\KFP1.mkv'
2026-05-30 20:25:09,932 - INFO - File moved: 'C:\Users\ALDO\Videos\KFP2.mkv' --> 'C:\Users\ALDO\Videos\Vídeos\KFP2.mkv'
2026-05-30 20:25:09,932 - INFO - File moved: 'C:\Users\ALDO\Videos\KFP3.mkv' --> 'C:\Users\ALDO\Videos\Vídeos\KFP3.mkv'
2026-05-30 20:25:09,933 - INFO - File moved: 'C:\Users\ALDO\Videos\La bruja_ Parte 1 - La subversión - Parte 1 - 1.mp4' --> 'C:\Users\ALDO\Videos\Vídeos\La bruja_ Parte 1 - La subversión - Parte 1 - 1.mp4'
2026-05-30 20:25:09,934 - INFO - File moved: 'C:\Users\ALDO\Videos\logger.py' --> 'C:\Users\ALDO\Videos\Código\logger.py'
2026-05-30 20:25:09,934 - INFO - File moved: 'C:\Users\ALDO\Videos\main.py' --> 'C:\Users\ALDO\Videos\Código\main.py'
2026-05-30 20:25:09,935 - INFO - File moved: 'C:\Users\ALDO\Videos\Michael - 1.mp4' --> 'C:\Users\ALDO\Videos\Vídeos\Michael - 1.mp4'
2026-05-30 20:25:09,935 - INFO - File moved: 'C:\Users\ALDO\Videos\Oppenheimer-high.mp4' --> 'C:\Users\ALDO\Videos\Vídeos\Oppenheimer-high.mp4'
2026-05-30 20:25:09,936 - INFO - File moved: 'C:\Users\ALDO\Videos\Oppenheimer.srt' --> 'C:\Users\ALDO\Videos\Otros\Oppenheimer.srt'
2026-05-30 20:25:09,936 - INFO - File moved: 'C:\Users\ALDO\Videos\organizador.log' --> 'C:\Users\ALDO\Videos\Otros\organizador.log'
2026-05-30 20:25:09,938 - INFO - File moved: 'C:\Users\ALDO\Videos\organizer.py' --> 'C:\Users\ALDO\Videos\Código\organizer.py'
2026-05-30 20:25:09,939 - INFO - File moved: 'C:\Users\ALDO\Videos\The Super Mario Galaxy (2026)♡linu.mp4' --> 'C:\Users\ALDO\Videos\Vídeos\The Super Mario Galaxy (2026)♡linu.mp4'
2026-05-30 20:25:09,940 - INFO - File moved: 'C:\Users\ALDO\Videos\Transformers One (2024)♡linu.mp4' --> 'C:\Users\ALDO\Videos\Vídeos\Transformers One (2024)♡linu.mp4'
2026-05-30 20:25:09,940 - INFO - File moved: 'C:\Users\ALDO\Videos\✵⃘่่่่่่่่่่่่่่่͜͡🌹𝕮𝖑𝖆𝖚︪𐨸ꔷ⃘࣭࣭࣭࣭ٜ❀۫⃝💥ⁱʳᵒⁿ ᵐᵃⁿ 1.mp4' --> 'C:\Users\ALDO\Videos\Vídeos\✵⃘่่่่่่่่่่่่่่่͜͡🌹𝕮𝖑𝖆𝖚︪𐨸ꔷ⃘࣭࣭࣭࣭ٜ❀۫⃝💥ⁱʳᵒⁿ ᵐᵃⁿ 1.mp4'
2026-05-30 20:25:09,941 - INFO - File moved: 'C:\Users\ALDO\Videos\✵⃘่่่่่่่่่่่่่่่͜͡🌹𝕮𝖑𝖆𝖚︪𐨸ꔷ⃘࣭࣭࣭࣭ٜ❀۫⃝💥ⁱʳᵒⁿ ᵐᵃⁿ 2.mp4' --> 'C:\Users\ALDO\Videos\Vídeos\✵⃘่่่่่่่่่่่่่่่͜͡🌹𝕮𝖑𝖆𝖚︪𐨸ꔷ⃘࣭࣭࣭࣭ٜ❀۫⃝💥ⁱʳᵒⁿ ᵐᵃⁿ 2.mp4'
2026-05-30 20:25:09,941 - INFO - THE ORGANIZER HAS ENDED THE TASK
